,city,price,bathrooms,bedrooms,livingArea,homeType,taxAssessedValue,Price/sqft,HasFlooring,HasHeating,HasCooling,HasGarageSpace,HasLaundary,HasFirePlace,HasPool,Employment,Schools,Crime
0,Alameda,898000,1,2,1000,SINGLE_FAMILY,635315,898,Yes,Yes,Yes,Yes,Yes,Yes,Yes,B,B,D+
1,Alameda,998000,2,3,1834,SINGLE_FAMILY,404790,544.1657579,Yes,Yes,Yes,Yes,Yes,Yes,Yes,B,B,D+
2,Alameda,639000,2,2,1043,CONDO,438482,612.6558006,Yes,Yes,Yes,Yes,Yes,Yes,Yes,B,B,D+
3,Alameda,1198800,3,3,1622,SINGLE_FAMILY,923895,739.0875462,Yes,Yes,Yes,Yes,Yes,Yes,Yes,B,B,D+
4,Alameda,778990,2,1,1000,TOWNHOUSE,,778.99,No,No,No,Yes,No,Yes,No,B,B,D+
5,Alameda,1095000,2,3,1193,SINGLE_FAMILY,1089690,917.8541492,Yes,Yes,Yes,Yes,Yes,Yes,Yes,B,B,D+
6,Alameda,684888,2,2,962,CONDO,304074,711.9417879,Yes,Yes,Yes,Yes,Yes,Yes,Yes,B,B,D+
7,Alameda,749000,1,2,762,SINGLE_FAMILY,69307,982.9396325,Yes,Yes,Yes,Yes,Yes,Yes,Yes,B,B,D+
8,Alameda,795000,2,3,1382,TOWNHOUSE,640994,575.2532562,Yes,Yes,Yes,Yes,Yes,Yes,Yes,B,B,D+
9,Alameda,449000,1,1,773,CONDO,61067,580.8538163,Yes,Yes,Yes,Yes,Yes,Yes,Yes,B,B,D+
10,Alameda,1200990,3,2,1714,CONDO,,700.6942824,No,No,No,Yes,No,Yes,No,B,B,D+
11,Alameda,820990,2,2,1066,TOWNHOUSE,,770.1594747,No,No,No,Yes,No,Yes,No,B,B,D+
12,Alameda,1075990,2,2,1553,CONDO,,692.8461043,No,No,No,Yes,No,Yes,No,B,B,D+
13,Alameda,860990,2,2,1138,TOWNHOUSE,,756.5817223,No,No,No,Yes,No,Yes,No,B,B,D+
14,Alameda,1916948,4,4,2576,SINGLE_FAMILY,,744.1568323,No,No,No,Yes,No,Yes,No,B,B,D+
15,Alameda,1888000,2,3,2032,SINGLE_FAMILY,623664,929.1338583,Yes,Yes,Yes,Yes,Yes,Yes,Yes,B,B,D+
16,Alameda,1388800,3,3,2526,MULTI_FAMILY,1246737,549.8020586,Yes,Yes,Yes,Yes,No,Yes,No,B,B,D+
17,Alameda,525000,1,1,420,SINGLE_FAMILY,70909,1250,Yes,Yes,Yes,Yes,Yes,Yes,Yes,B,B,D+
18,Alameda,949000,2,2,1443,CONDO,740569,657.6576577,Yes,Yes,Yes,Yes,Yes,Yes,Yes,B,B,D+
19,Alameda,1025990,3,2,1298,CONDO,,790.4391371,No,No,No,Yes,No,Yes,No,B,B,D+
20,Alameda,845990,2,2,1102,TOWNHOUSE,,767.6860254,No,No,No,Yes,No,Yes,No,B,B,D+
21,Alameda,975990,2,3,1454,CONDO,,671.2448418,No,No,No,Yes,No,Yes,No,B,B,D+
22,Alameda,1380000,3,3,1926,SINGLE_FAMILY,1165697,716.5109034,Yes,Yes,Yes,Yes,Yes,Yes,Yes,B,B,D+
23,Alameda,1299990,3,3,1997,CONDO,,650.9714572,No,No,No,Yes,No,Yes,No,B,B,D+
24,Alameda,877990,2,2,1305,CONDO,,672.789272,No,No,No,Yes,No,Yes,No,B,B,D+
25,Alameda,898000,2,2,1118,SINGLE_FAMILY,61687,803.2200358,Yes,Yes,Yes,Yes,Yes,Yes,Yes,B,B,D+
26,Alameda,1020000,3,3,1639,TOWNHOUSE,630527,622.3306894,Yes,Yes,Yes,Yes,Yes,Yes,Yes,B,B,D+
27,Alameda,1104990,3,2,1551,CONDO,,712.4371373,No,No,No,Yes,No,Yes,No,B,B,D+
28,Alameda,1695000,3,4,2500,SINGLE_FAMILY,1074261,678,Yes,Yes,Yes,Yes,Yes,Yes,Yes,B,B,D+
29,Alameda,995000,1,2,1219,SINGLE_FAMILY,693071,816.242822,Yes,Yes,Yes,Yes,Yes,Yes,Yes,B,B,D+
30,Alameda,895000,3,2,1720,CONDO,826200,520.3488372,Yes,Yes,Yes,Yes,Yes,Yes,Yes,B,B,D+
31,Alameda,995000,2,2,1434,MULTI_FAMILY,919773,693.8633194,Yes,Yes,Yes,Yes,Yes,Yes,No,B,B,D+
32,Alameda,995000,2,2,1147,SINGLE_FAMILY,687724,867.4803836,Yes,Yes,Yes,Yes,Yes,Yes,No,B,B,D+
33,Alameda,915990,0,2,1344,CONDO,,681.5401786,No,No,No,Yes,No,Yes,No,B,B,D+
34,Alameda,1525000,2,3,1525,SINGLE_FAMILY,1026260,1000,Yes,Yes,Yes,Yes,Yes,Yes,Yes,B,B,D+
35,Alameda,891000,3,4,1628,TOWNHOUSE,498363,547.2972973,Yes,Yes,Yes,Yes,Yes,Yes,Yes,B,B,D+
36,Alameda,1495000,3,3,2030,SINGLE_FAMILY,1054128,736.453202,Yes,Yes,Yes,Yes,Yes,Yes,Yes,B,B,D+
37,Alameda,1495000,2,6,2112,MULTI_FAMILY,1085688,707.8598485,Yes,Yes,Yes,Yes,Yes,Yes,No,B,B,D+
38,Alameda,1325000,5,8,3388,MULTI_FAMILY,251098,391.0861865,Yes,Yes,Yes,Yes,No,Yes,No,B,B,D+
39,Alamo,2390000,3,4,3020,SINGLE_FAMILY,2144402,791.3907285,Yes,Yes,Yes,Yes,Yes,Yes,Yes,A+,A+,A
40,Alamo,1899000,3,4,2352,SINGLE_FAMILY,186719,807.3979592,Yes,Yes,Yes,Yes,Yes,Yes,Yes,A+,A+,A
41,Alamo,2295000,3,5,3200,SINGLE_FAMILY,665982,717.1875,Yes,Yes,Yes,Yes,Yes,Yes,Yes,A+,A+,A
42,Alamo,3198000,4,4,3814,SINGLE_FAMILY,1805333,838.4897745,Yes,Yes,Yes,Yes,Yes,Yes,Yes,A+,A+,A
43,Alamo,1899999,1,3,1407,SINGLE_FAMILY,1283055,1350.390192,Yes,Yes,Yes,Yes,Yes,Yes,Yes,A+,A+,A
44,Alamo,950000,2,2,1303,TOWNHOUSE,320698,729.0867229,Yes,Yes,Yes,Yes,Yes,Yes,Yes,A+,A+,A
45,Alamo,3995000,5,4,4496,SINGLE_FAMILY,1600000,888.5676157,Yes,Yes,Yes,Yes,Yes,Yes,Yes,A+,A+,A
46,Alamo,2398888,3,4,2478,SINGLE_FAMILY,137082,968.0742534,Yes,Yes,Yes,Yes,Yes,Yes,Yes,A+,A+,A
47,Alamo,2649000,3,4,2260,SINGLE_FAMILY,696210,1172.123894,Yes,Yes,Yes,Yes,Yes,Yes,Yes,A+,A+,A
48,Alamo,2450000,3,5,3076,SINGLE_FAMILY,820474,796.4889467,Yes,Yes,Yes,Yes,Yes,Yes,Yes,A+,A+,A
49,Alamo,2998000,3,4,2953,SINGLE_FAMILY,1437283,1015.23874,Yes,Yes,Yes,Yes,Yes,Yes,Yes,A+,A+,A
50,Alamo,3999999,5,5,5769,SINGLE_FAMILY,3000000,693.3608944,Yes,Yes,Yes,Yes,Yes,Yes,Yes,A+,A+,A
51,Alamo,4295000,6,5,6130,SINGLE_FAMILY,3452399,700.6525285,Yes,Yes,Yes,Yes,Yes,Yes,Yes,A+,A+,A
52,Alamo,2495000,2,3,1418,SINGLE_FAMILY,1800000,1759.520451,Yes,Yes,Yes,Yes,Yes,Yes,Yes,A+,A+,A
53,Alamo,3799000,5,4,3196,SINGLE_FAMILY,2968200,1188.673342,Yes,Yes,Yes,Yes,Yes,Yes,Yes,A+,A+,A
54,Alamo,2848000,3,5,3244,SINGLE_FAMILY,870488,877.9284834,Yes,Yes,Yes,Yes,Yes,Yes,Yes,A+,A+,A
55,Alamo,7850000,7,6,9250,SINGLE_FAMILY,2827447,848.6486486,Yes,Yes,Yes,Yes,Yes,Yes,Yes,A+,A+,A
56,Alamo,1100000,3,3,1889,TOWNHOUSE,644162,582.3186871,Yes,Yes,Yes,Yes,Yes,Yes,Yes,A+,A+,A
57,Alamo,875000,2,2,1357,CONDO,492619,644.8047163,Yes,Yes,Yes,Yes,Yes,Yes,Yes,A+,A+,A
58,Alamo,3547999,5,3,3465,SINGLE_FAMILY,1819369,1023.953535,Yes,Yes,Yes,Yes,Yes,Yes,Yes,A+,A+,A
59,Alamo,2988000,3,4,4101,SINGLE_FAMILY,1009031,728.6027798,Yes,Yes,Yes,Yes,Yes,Yes,Yes,A+,A+,A
60,Alamo,3288000,6,5,5323,SINGLE_FAMILY,2209163,617.6967875,Yes,Yes,Yes,Yes,Yes,Yes,Yes,A+,A+,A
61,Alamo,3900000,5,5,6240,SINGLE_FAMILY,3007523,625,Yes,Yes,Yes,Yes,Yes,Yes,Yes,A+,A+,A
62,Alamo,2998000,4,4,3908,SINGLE_FAMILY,1928911,767.1443193,Yes,Yes,Yes,Yes,Yes,Yes,Yes,A+,A+,A
63,Alamo,1618000,2,4,1663,SINGLE_FAMILY,622764,972.940469,Yes,Yes,No,Yes,No,Yes,Yes,A+,A+,A
64,Alamo,3749000,5,6,4160,SINGLE_FAMILY,2485000,901.2019231,Yes,Yes,Yes,Yes,Yes,Yes,Yes,A+,A+,A
65,Belmont,3000000,3,4,2220,SINGLE_FAMILY,3525000,1351.351351,Yes,Yes,Yes,Yes,Yes,Yes,No,A,A,B+
66,Belmont,1595000,2,3,1280,SINGLE_FAMILY,114085,1246.09375,No,Yes,Yes,Yes,Yes,Yes,No,A,A,B+
67,Belmont,1998000,2,3,1450,SINGLE_FAMILY,753948,1377.931034,Yes,Yes,Yes,Yes,Yes,Yes,No,A,A,B+
68,Belmont,1388000,3,3,1590,TOWNHOUSE,1447470,872.9559748,Yes,Yes,Yes,Yes,Yes,Yes,Yes,A,A,B+
69,Belmont,2088000,2,3,2280,SINGLE_FAMILY,1083810,915.7894737,Yes,Yes,Yes,Yes,Yes,Yes,No,A,A,B+
70,Belmont,2488000,3,6,2240,SINGLE_FAMILY,238475,1110.714286,Yes,Yes,Yes,Yes,Yes,Yes,No,A,A,B+
71,Belmont,3480000,3,4,2500,SINGLE_FAMILY,1445184,1392,Yes,Yes,Yes,Yes,No,Yes,No,A,A,B+
72,Belmont,2398000,2,4,2220,SINGLE_FAMILY,134194,1080.18018,Yes,Yes,Yes,Yes,Yes,Yes,No,A,A,B+
73,Belmont,2698828,3,5,2410,SINGLE_FAMILY,193713,1119.845643,Yes,Yes,Yes,Yes,No,Yes,No,A,A,B+
74,Belmont,2588000,4,3,2490,SINGLE_FAMILY,564238,1039.35743,Yes,Yes,Yes,Yes,Yes,Yes,No,A,A,B+
75,Belmont,2898000,2,4,2220,SINGLE_FAMILY,250700,1305.405405,Yes,Yes,Yes,Yes,Yes,Yes,No,A,A,B+
76,Belmont,899000,2,2,1056,CONDO,303875,851.3257576,Yes,Yes,Yes,Yes,Yes,Yes,Yes,A,A,B+
77,Belmont,3895000,3,4,2220,SINGLE_FAMILY,1034092,1754.504505,Yes,Yes,Yes,Yes,Yes,Yes,No,A,A,B+
78,Belmont,1748888,1,3,1190,SINGLE_FAMILY,881358,1469.653782,Yes,Yes,Yes,Yes,Yes,Yes,No,A,A,B+
79,Belmont,2975000,4,4,2680,SINGLE_FAMILY,1372980,1110.074627,Yes,Yes,Yes,Yes,Yes,Yes,Yes,A,A,B+
80,Belmont,2188000,3,3,2110,SINGLE_FAMILY,1003498,1036.966825,Yes,Yes,Yes,Yes,Yes,Yes,Yes,A,A,B+
81,Belmont,1525000,4,3,1880,TOWNHOUSE,1245776,811.1702128,No,Yes,Yes,Yes,Yes,Yes,No,A,A,B+
82,Belmont,1848000,2,3,1087,SINGLE_FAMILY,1174919,1700.091996,No,Yes,Yes,Yes,No,Yes,No,A,A,B+
83,Belmont,799000,1,1,955,CONDO,938175,836.6492147,No,Yes,No,Yes,No,Yes,No,A,A,B+
84,Belmont,615000,1,1,725,CONDO,303378,848.2758621,Yes,Yes,Yes,Yes,Yes,Yes,Yes,A,A,B+
85,Belmont,2288000,3,3,1950,SINGLE_FAMILY,624626,1173.333333,Yes,Yes,Yes,Yes,Yes,Yes,No,A,A,B+
86,Belmont,1899000,3,4,1835,SINGLE_FAMILY,1710740,1034.877384,Yes,Yes,No,Yes,Yes,Yes,No,A,A,B+
87,Berkeley,1949000,3,4,2904,SINGLE_FAMILY,,671.1432507,Yes,Yes,Yes,Yes,Yes,Yes,Yes,B-,A,F
88,Berkeley,1795000,3,5,2377,SINGLE_FAMILY,123139,755.1535549,Yes,Yes,Yes,Yes,Yes,Yes,Yes,B-,A,F
89,Berkeley,1595000,3,3,3070,SINGLE_FAMILY,1417020,519.5439739,No,No,No,Yes,No,Yes,No,B-,A,F
90,Berkeley,688000,1,2,845,CONDO,,814.2011834,Yes,Yes,Yes,Yes,Yes,Yes,Yes,B-,A,F
91,Berkeley,975000,2,3,1160,TOWNHOUSE,,840.5172414,Yes,Yes,Yes,Yes,Yes,Yes,Yes,B-,A,F
92,Berkeley,1500000,5,7,2215,MULTI_FAMILY,1454527,677.2009029,Yes,Yes,Yes,Yes,Yes,Yes,No,B-,A,F
93,Berkeley,1095000,2,2,1480,SINGLE_FAMILY,767577,739.8648649,Yes,Yes,Yes,Yes,Yes,Yes,Yes,B-,A,F
94,Berkeley,1150000,3,3,1434,SINGLE_FAMILY,1094304,801.9525802,Yes,Yes,Yes,Yes,Yes,Yes,Yes,B-,A,F
95,Berkeley,5250000,0,3,,MULTI_FAMILY,2327791,,No,Yes,Yes,Yes,No,Yes,No,B-,A,F
96,Berkeley,629000,2,1,773,CONDO,586387,813.7128072,Yes,Yes,Yes,Yes,Yes,Yes,Yes,B-,A,F
97,Berkeley,850000,1,1,1244,CONDO,,683.2797428,Yes,Yes,Yes,Yes,Yes,Yes,Yes,B-,A,F
98,Berkeley,1250000,1,2,1060,SINGLE_FAMILY,398793,1179.245283,Yes,Yes,Yes,Yes,Yes,Yes,Yes,B-,A,F
99,Berkeley,1170000,2,3,1235,SINGLE_FAMILY,830000,947.3684211,Yes,Yes,Yes,Yes,Yes,Yes,Yes,B-,A,F
100,Berkeley,849000,1,2,620,SINGLE_FAMILY,630702,1369.354839,Yes,Yes,Yes,Yes,Yes,Yes,Yes,B-,A,F
101,Berkeley,959000,2,2,1144,SINGLE_FAMILY,627757,838.2867133,Yes,Yes,Yes,Yes,Yes,Yes,Yes,B-,A,F
102,Berkeley,1475000,2,3,1507,SINGLE_FAMILY,70697,978.7657598,Yes,Yes,Yes,Yes,Yes,Yes,Yes,B-,A,F
103,Berkeley,775000,2,2,900,CONDO,354531,861.1111111,Yes,Yes,Yes,Yes,Yes,Yes,Yes,B-,A,F
104,Berkeley,885000,1,2,1056,CONDO,649178,838.0681818,Yes,Yes,Yes,Yes,Yes,Yes,Yes,B-,A,F
105,Berkeley,1195000,2,2,1391,SINGLE_FAMILY,919386,859.0941769,Yes,Yes,Yes,Yes,Yes,Yes,No,B-,A,F
106,Berkeley,2691000,6,6,4269,SINGLE_FAMILY,1801531,630.3583978,Yes,Yes,Yes,Yes,Yes,Yes,Yes,B-,A,F
107,Berkeley,3195000,3,3,3472,SINGLE_FAMILY,1396033,920.218894,Yes,Yes,Yes,Yes,Yes,Yes,Yes,B-,A,F
108,Berkeley,995000,1,3,1290,SINGLE_FAMILY,1235124,771.3178295,Yes,Yes,No,Yes,Yes,Yes,No,B-,A,F
109,Berkeley,1195000,2,3,1293,SINGLE_FAMILY,710554,924.2072699,Yes,Yes,Yes,Yes,Yes,Yes,Yes,B-,A,F
110,Berkeley,1088000,3,4,1814,SINGLE_FAMILY,68849,599.7794928,Yes,Yes,Yes,Yes,Yes,Yes,Yes,B-,A,F
111,Berkeley,1495000,2,3,1727,SINGLE_FAMILY,1030145,865.6629994,Yes,Yes,Yes,Yes,No,Yes,No,B-,A,F
112,Berkeley,1098000,3,3,1328,SINGLE_FAMILY,678097,826.8072289,Yes,Yes,Yes,Yes,Yes,Yes,Yes,B-,A,F
113,Berkeley,1399000,2,4,2500,MULTI_FAMILY,1012276,559.6,Yes,Yes,Yes,Yes,No,Yes,No,B-,A,F
114,Berkeley,1050000,1,3,1268,SINGLE_FAMILY,627286,828.0757098,Yes,Yes,No,Yes,No,Yes,No,B-,A,F
115,Berkeley,1300000,0,3,2634,MULTI_FAMILY,1295000,493.5459377,No,No,No,Yes,No,Yes,No,B-,A,F
116,Berkeley,1775000,2,3,1915,SINGLE_FAMILY,1374853,926.8929504,Yes,Yes,Yes,Yes,Yes,Yes,Yes,B-,A,F
117,Berkeley,1249000,3,3,1685,MULTI_FAMILY,247295,741.2462908,Yes,Yes,Yes,Yes,Yes,Yes,No,B-,A,F
118,Berkeley,1120000,2,4,1804,SINGLE_FAMILY,54293,620.8425721,Yes,Yes,Yes,Yes,Yes,Yes,Yes,B-,A,F
119,Berkeley,1099000,1,3,1236,SINGLE_FAMILY,1453500,889.1585761,Yes,Yes,Yes,Yes,Yes,Yes,Yes,B-,A,F
120,Berkeley,1995000,4,4,2143,SINGLE_FAMILY,1076100,930.9379375,Yes,Yes,Yes,Yes,Yes,Yes,Yes,B-,A,F
121,Berkeley,1695000,3,3,2663,SINGLE_FAMILY,265487,636.5001878,Yes,Yes,Yes,Yes,Yes,Yes,Yes,B-,A,F
122,Berkeley,1750000,2,3,1697,SINGLE_FAMILY,172091,1031.231585,Yes,Yes,Yes,Yes,Yes,Yes,Yes,B-,A,F
123,Berkeley,1995000,5,7,3965,SINGLE_FAMILY,106718,503.1525851,Yes,Yes,Yes,Yes,Yes,Yes,Yes,B-,A,F
124,Berkeley,2395000,4,4,3254,SINGLE_FAMILY,815996,736.0172096,Yes,Yes,Yes,Yes,Yes,Yes,Yes,B-,A,F
125,Berkeley,995000,3,4,1917,SINGLE_FAMILY,121042,519.0401669,Yes,Yes,Yes,Yes,Yes,Yes,Yes,B-,A,F
126,Burlingame,2150000,2,3,1490,SINGLE_FAMILY,2050584,1442.95302,No,Yes,Yes,Yes,No,Yes,No,A,A,D
127,Burlingame,2495000,1,2,1290,SINGLE_FAMILY,276926,1934.108527,Yes,Yes,Yes,Yes,No,Yes,No,A,A,D
128,Burlingame,2698000,2,3,1996,SINGLE_FAMILY,1115721,1351.703407,Yes,Yes,Yes,Yes,Yes,Yes,No,A,A,D
129,Burlingame,5950000,4,4,3399,SINGLE_FAMILY,2288027,1750.514857,Yes,Yes,Yes,Yes,Yes,Yes,No,A,A,D
130,Burlingame,2199950,4,3,2170,SINGLE_FAMILY,,1013.801843,Yes,Yes,Yes,Yes,No,Yes,No,A,A,D
131,Burlingame,2888000,2,3,2080,SINGLE_FAMILY,790344,1388.461538,No,Yes,Yes,Yes,No,Yes,No,A,A,D
132,Burlingame,2148000,1,3,1690,SINGLE_FAMILY,881458,1271.005917,No,Yes,Yes,Yes,Yes,Yes,No,A,A,D
133,Burlingame,2388000,2,3,1810,SINGLE_FAMILY,719924,1319.337017,Yes,Yes,Yes,Yes,Yes,Yes,No,A,A,D
134,Burlingame,1295000,3,2,1400,TOWNHOUSE,1476904,925,Yes,Yes,Yes,Yes,Yes,Yes,Yes,A,A,D
135,Burlingame,2895000,2,4,2700,SINGLE_FAMILY,308975,1072.222222,Yes,Yes,Yes,Yes,Yes,Yes,No,A,A,D
136,Burlingame,2980000,4,5,3380,SINGLE_FAMILY,1123156,881.6568047,Yes,Yes,Yes,Yes,Yes,Yes,No,A,A,D
137,Burlingame,5295000,3,4,2794,SINGLE_FAMILY,2830130,1895.132427,Yes,Yes,Yes,Yes,No,Yes,No,A,A,D
138,Burlingame,3825000,4,4,2821,SINGLE_FAMILY,2515000,1355.902162,Yes,Yes,Yes,Yes,Yes,Yes,No,A,A,D
139,Burlingame,5249000,5,5,2992,SINGLE_FAMILY,1810500,1754.34492,Yes,Yes,Yes,Yes,Yes,Yes,Yes,A,A,D
140,Burlingame,1098000,2,2,1065,CONDO,1006151,1030.985915,Yes,Yes,Yes,Yes,Yes,Yes,No,A,A,D
141,Burlingame,948000,1,1,620,CONDO,674858,1529.032258,Yes,Yes,Yes,Yes,Yes,Yes,No,A,A,D
142,Burlingame,2825000,2,3,2050,SINGLE_FAMILY,2601665,1378.04878,Yes,Yes,Yes,Yes,Yes,Yes,No,A,A,D
143,Burlingame,2498000,4,4,2200,SINGLE_FAMILY,1515005,1135.454545,Yes,Yes,Yes,Yes,No,Yes,No,A,A,D
144,Burlingame,3300000,3,3,2030,SINGLE_FAMILY,995334,1625.615764,Yes,Yes,Yes,Yes,Yes,Yes,No,A,A,D
145,Burlingame,2498000,3,4,2950,SINGLE_FAMILY,158233,846.779661,Yes,Yes,Yes,Yes,Yes,Yes,No,A,A,D
146,Burlingame,1758000,1,2,950,SINGLE_FAMILY,1157711,1850.526316,No,Yes,Yes,Yes,Yes,Yes,No,A,A,D
147,Burlingame,2798000,3,4,2530,SINGLE_FAMILY,857646,1105.928854,Yes,Yes,Yes,Yes,Yes,Yes,No,A,A,D
148,Burlingame,2698000,3,4,2110,SINGLE_FAMILY,196510,1278.672986,Yes,Yes,Yes,Yes,Yes,Yes,Yes,A,A,D
149,Burlingame,3575000,3,4,2670,SINGLE_FAMILY,1970268,1338.951311,No,Yes,Yes,Yes,No,Yes,No,A,A,D
150,Burlingame,2775000,2,4,2235,SINGLE_FAMILY,1839560,1241.610738,Yes,Yes,Yes,Yes,No,Yes,No,A,A,D
151,Burlingame,3299950,2,4,2135,SINGLE_FAMILY,179006,1545.644028,Yes,Yes,Yes,Yes,Yes,Yes,Yes,A,A,D
152,Burlingame,4485000,5,4,2970,SINGLE_FAMILY,2784958,1510.10101,No,Yes,Yes,Yes,No,Yes,No,A,A,D
153,Burlingame,1898000,4,8,3336,MULTI_FAMILY,613237,568.9448441,No,Yes,No,Yes,No,Yes,No,A,A,D
154,Burlingame,3100000,2,5,4460,MULTI_FAMILY,201282,695.0672646,Yes,Yes,Yes,Yes,Yes,Yes,No,A,A,D
155,Burlingame,3300000,3,3,2183,SINGLE_FAMILY,3085752,1511.681173,No,Yes,Yes,Yes,Yes,Yes,No,A,A,D
156,Burlingame,2995000,0,5,3397,MULTI_FAMILY,,881.6602885,No,No,No,Yes,No,Yes,No,A,A,D
157,Burlingame,2695000,4,4,2370,SINGLE_FAMILY,2228848,1137.130802,Yes,Yes,Yes,Yes,Yes,Yes,No,A,A,D
158,Burlingame,1195000,2,2,1309,CONDO,361148,912.9106188,Yes,Yes,Yes,Yes,Yes,Yes,No,A,A,D
159,Burlingame,1900000,2,4,1598,MULTI_FAMILY,1983572,1188.986233,Yes,Yes,Yes,Yes,No,Yes,No,A,A,D
160,Burlingame,1375000,2,2,1390,CONDO,552434,989.2086331,Yes,Yes,Yes,Yes,Yes,Yes,No,A,A,D
161,Burlingame,2795000,3,4,1818,SINGLE_FAMILY,804584,1537.40374,No,Yes,Yes,Yes,No,Yes,No,A,A,D
162,Burlingame,3225000,3,4,2460,SINGLE_FAMILY,2047188,1310.97561,Yes,Yes,Yes,Yes,Yes,Yes,No,A,A,D
163,Burlingame,1850000,2,3,1550,SINGLE_FAMILY,483420,1193.548387,No,Yes,Yes,Yes,Yes,Yes,Yes,A,A,D
164,Burlingame,3500000,5,10,5828,MULTI_FAMILY,2283029,600.5490734,Yes,Yes,Yes,Yes,Yes,Yes,Yes,A,A,D
165,Campbell,1299000,3,3,1987,SINGLE_FAMILY,742468,653.7493709,Yes,Yes,Yes,Yes,Yes,Yes,No,A-,A-,D+
166,Campbell,1825000,2,4,1670,SINGLE_FAMILY,308584,1092.814371,No,Yes,Yes,Yes,No,Yes,No,A-,A-,D+
167,Campbell,2600000,3,4,2705,SINGLE_FAMILY,1032390,961.1829945,Yes,Yes,Yes,Yes,Yes,Yes,Yes,A-,A-,D+
168,Campbell,1839600,2,3,1469,SINGLE_FAMILY,1235816,1252.280463,Yes,Yes,Yes,Yes,No,Yes,No,A-,A-,D+
169,Campbell,449000,3,2,1392,MANUFACTURED,,322.5574713,Yes,Yes,Yes,Yes,No,Yes,No,A-,A-,D+
170,Campbell,1888888,2,4,1730,SINGLE_FAMILY,236208,1091.842775,Yes,Yes,Yes,Yes,Yes,Yes,Yes,A-,A-,D+
171,Campbell,2349999,2,8,3578,MULTI_FAMILY,2000000,656.7912241,No,Yes,Yes,Yes,Yes,Yes,Yes,A-,A-,D+
172,Campbell,1998000,3,4,1879,SINGLE_FAMILY,1387200,1063.331559,Yes,Yes,Yes,Yes,Yes,Yes,No,A-,A-,D+
173,Campbell,1599000,3,3,1447,SINGLE_FAMILY,764490,1105.044921,No,Yes,Yes,Yes,No,Yes,No,A-,A-,D+
174,Campbell,510000,1,1,704,CONDO,481436,724.4318182,No,Yes,Yes,Yes,No,Yes,No,A-,A-,D+
175,Campbell,2175000,2,4,2166,SINGLE_FAMILY,1247829,1004.155125,Yes,Yes,Yes,Yes,Yes,Yes,No,A-,A-,D+
176,Campbell,1750000,3,3,1791,SINGLE_FAMILY,276404,977.107761,Yes,Yes,Yes,Yes,Yes,Yes,No,A-,A-,D+
177,Campbell,2295000,2,3,2131,SINGLE_FAMILY,1169014,1076.959174,Yes,Yes,Yes,Yes,Yes,Yes,No,A-,A-,D+
178,Campbell,1520000,2,4,1189,SINGLE_FAMILY,906891,1278.385198,No,Yes,Yes,Yes,No,Yes,No,A-,A-,D+
179,Campbell,2695000,3,4,2350,SINGLE_FAMILY,340318,1146.808511,Yes,Yes,Yes,Yes,No,Yes,No,A-,A-,D+
180,Campbell,2150000,2,9,3948,MULTI_FAMILY,592399,544.5795339,Yes,Yes,Yes,Yes,Yes,Yes,No,A-,A-,D+
181,Campbell,888000,2,2,1279,TOWNHOUSE,441582,694.2924159,Yes,Yes,Yes,Yes,No,Yes,No,A-,A-,D+
182,Campbell,1999999,4,4,2015,SINGLE_FAMILY,1812020,992.555335,Yes,Yes,Yes,Yes,Yes,Yes,No,A-,A-,D+
183,Campbell,1799000,2,8,3328,MULTI_FAMILY,369239,540.5649038,No,Yes,Yes,Yes,No,Yes,No,A-,A-,D+
184,Campbell,2598000,3,5,3546,SINGLE_FAMILY,526314,732.6565144,No,Yes,Yes,Yes,No,Yes,No,A-,A-,D+
185,Campbell,2998000,3,4,2480,SINGLE_FAMILY,1700000,1208.870968,Yes,Yes,Yes,Yes,Yes,Yes,No,A-,A-,D+
186,Campbell,1399888,3,3,1679,TOWNHOUSE,1059740,833.7629541,No,Yes,Yes,Yes,No,Yes,No,A-,A-,D+
187,Campbell,2300000,2,4,2244,SINGLE_FAMILY,107202,1024.955437,Yes,Yes,Yes,Yes,Yes,Yes,No,A-,A-,D+
188,Campbell,2350000,3,6,2902,SINGLE_FAMILY,1238791,809.7863542,Yes,Yes,Yes,Yes,Yes,Yes,Yes,A-,A-,D+
189,Campbell,1635000,2,3,1275,SINGLE_FAMILY,627778,1282.352941,Yes,Yes,Yes,Yes,Yes,Yes,No,A-,A-,D+
190,Campbell,1449900,3,3,1557,SINGLE_FAMILY,813026,931.2138728,Yes,Yes,Yes,Yes,Yes,Yes,Yes,A-,A-,D+
191,Campbell,2838000,4,4,2762,SINGLE_FAMILY,617491,1027.516293,No,Yes,Yes,Yes,No,Yes,No,A-,A-,D+
192,Campbell,1325000,3,3,1650,SINGLE_FAMILY,883366,803.030303,Yes,Yes,Yes,Yes,Yes,Yes,No,A-,A-,D+
193,Campbell,999000,3,3,1358,TOWNHOUSE,724075,735.640648,No,Yes,Yes,Yes,Yes,Yes,No,A-,A-,D+
194,Campbell,1199000,1,3,936,SINGLE_FAMILY,486683,1280.982906,No,Yes,Yes,Yes,No,Yes,No,A-,A-,D+
195,Campbell,1199000,1,3,936,SINGLE_FAMILY,377333,1280.982906,No,Yes,Yes,Yes,No,Yes,No,A-,A-,D+
196,Los Gatos,2395000,4,4,2300,SINGLE_FAMILY,,1041.304348,No,No,No,Yes,No,Yes,No,A,A+,A+
197,Los Gatos,2898000,4,4,2487,SINGLE_FAMILY,,1165.259349,No,No,No,Yes,No,Yes,No,A,A+,A+
198,Los Gatos,2998000,4,4,2734,SINGLE_FAMILY,,1096.561814,No,No,No,Yes,No,Yes,No,A,A+,A+
199,Los Gatos,2495000,4,4,2223,SINGLE_FAMILY,,1122.357175,No,No,No,Yes,No,Yes,No,A,A+,A+
200,Los Gatos,3700000,3,4,2634,SINGLE_FAMILY,1225256,1404.707669,Yes,Yes,Yes,Yes,Yes,Yes,No,A,A+,A+
201,Los Gatos,1988000,2,4,1612,SINGLE_FAMILY,83541,1233.25062,Yes,Yes,Yes,Yes,Yes,Yes,No,A,A+,A+
202,Los Gatos,2998000,3,4,2386,SINGLE_FAMILY,1947771,1256.496228,Yes,Yes,Yes,Yes,Yes,Yes,No,A,A+,A+
203,Los Gatos,3499000,3,4,2565,SINGLE_FAMILY,918021,1364.132554,Yes,Yes,Yes,Yes,Yes,Yes,No,A,A+,A+
204,Los Gatos,1648000,2,3,1409,CONDO,499877,1169.623847,No,Yes,Yes,Yes,No,Yes,No,A,A+,A+
205,Los Gatos,1578000,3,3,1800,TOWNHOUSE,1582548,876.6666667,Yes,Yes,Yes,Yes,Yes,Yes,No,A,A+,A+
206,Los Gatos,5999000,6,4,4652,SINGLE_FAMILY,3212758,1289.55288,Yes,Yes,Yes,Yes,Yes,Yes,No,A,A+,A+
207,Los Gatos,1228000,2,1,1231,CONDO,,997.5629569,Yes,Yes,Yes,Yes,Yes,Yes,No,A,A+,A+
208,Los Gatos,2495000,3,5,2364,SINGLE_FAMILY,530372,1055.414552,Yes,Yes,Yes,Yes,Yes,Yes,No,A,A+,A+
209,Los Gatos,1704000,3,2,1508,SINGLE_FAMILY,,1129.973475,No,Yes,Yes,Yes,No,Yes,No,A,A+,A+
210,Los Gatos,4900000,5,5,5265,SINGLE_FAMILY,2845600,930.674264,Yes,Yes,Yes,Yes,Yes,Yes,No,A,A+,A+
211,Los Gatos,6500000,6,5,5010,SINGLE_FAMILY,4940538,1297.40519,Yes,Yes,Yes,Yes,Yes,Yes,No,A,A+,A+
212,Los Gatos,1448000,2,1,1263,CONDO,,1146.476643,No,Yes,Yes,Yes,No,Yes,No,A,A+,A+
213,Los Gatos,1798000,2,3,1296,SINGLE_FAMILY,348089,1387.345679,Yes,Yes,Yes,Yes,No,Yes,No,A,A+,A+
214,Los Gatos,2250000,2,3,1555,SINGLE_FAMILY,1865629,1446.945338,Yes,Yes,Yes,Yes,Yes,Yes,No,A,A+,A+
215,Los Gatos,3398000,4,4,2730,SINGLE_FAMILY,493519,1244.688645,Yes,Yes,Yes,Yes,Yes,Yes,No,A,A+,A+
216,Los Gatos,2998000,4,3,2127,SINGLE_FAMILY,,1409.496944,Yes,Yes,Yes,Yes,Yes,Yes,No,A,A+,A+
217,Los Gatos,2995000,2,3,1679,SINGLE_FAMILY,,1783.799881,Yes,Yes,Yes,Yes,Yes,Yes,No,A,A+,A+
218,Los Gatos,5700000,4,4,5055,SINGLE_FAMILY,2183250,1127.596439,Yes,Yes,Yes,Yes,Yes,Yes,No,A,A+,A+
219,Los Gatos,3900000,4,4,3188,TOWNHOUSE,1429125,1223.337516,Yes,Yes,Yes,Yes,Yes,Yes,No,A,A+,A+
220,Los Gatos,2649000,3,3,2437,TOWNHOUSE,1636460,1086.992204,Yes,Yes,Yes,Yes,Yes,Yes,No,A,A+,A+
221,Los Gatos,2395000,1,2,1175,SINGLE_FAMILY,1041569,2038.297872,Yes,Yes,Yes,Yes,Yes,Yes,No,A,A+,A+
222,Los Gatos,1885000,2,2,1056,SINGLE_FAMILY,331511,1785.037879,No,Yes,Yes,Yes,No,Yes,No,A,A+,A+
223,Los Gatos,694950,2,2,1076,CONDO,719504,645.8643123,Yes,Yes,Yes,Yes,Yes,Yes,No,A,A+,A+
224,Los Gatos,699000,2,2,1050,CONDO,630706,665.7142857,Yes,Yes,Yes,Yes,No,Yes,No,A,A+,A+
225,Los Gatos,1599000,3,3,1521,TOWNHOUSE,,1051.282051,Yes,Yes,Yes,Yes,Yes,Yes,No,A,A+,A+
226,Los Gatos,1695000,3,3,1916,TOWNHOUSE,577707,884.6555324,Yes,Yes,Yes,Yes,Yes,Yes,No,A,A+,A+
227,Los Gatos,3500000,4,3,2589,SINGLE_FAMILY,354873,1351.87331,No,Yes,Yes,Yes,No,Yes,No,A,A+,A+
228,Los Gatos,1188000,2,2,1015,TOWNHOUSE,78529,1170.44335,No,Yes,Yes,Yes,No,Yes,No,A,A+,A+
229,Los Gatos,3295000,3,3,2020,SINGLE_FAMILY,1949935,1631.188119,No,Yes,Yes,Yes,No,Yes,No,A,A+,A+
230,Los Gatos,2750000,3,4,2400,SINGLE_FAMILY,1164331,1145.833333,Yes,Yes,Yes,Yes,Yes,Yes,No,A,A+,A+
231,Los Gatos,1450000,3,3,2160,TOWNHOUSE,150594,671.2962963,Yes,Yes,Yes,Yes,Yes,Yes,No,A,A+,A+
232,Los Gatos,2500000,3,5,2448,SINGLE_FAMILY,364239,1021.24183,Yes,Yes,Yes,Yes,Yes,Yes,No,A,A+,A+
233,Los Gatos,3525000,2,3,2076,SINGLE_FAMILY,2248852,1697.976879,Yes,Yes,Yes,Yes,Yes,Yes,No,A,A+,A+
234,Los Gatos,3449000,3,4,2698,SINGLE_FAMILY,2245000,1278.354337,Yes,Yes,Yes,Yes,Yes,Yes,No,A,A+,A+
235,Castro Valley,1023888,2,3,2317,SINGLE_FAMILY,112283,441.9024601,Yes,Yes,Yes,Yes,Yes,Yes,Yes,B-,B+,B-
236,Castro Valley,949888,3,4,1715,SINGLE_FAMILY,88025,553.8705539,Yes,Yes,Yes,Yes,Yes,Yes,Yes,B-,B+,B-
237,Castro Valley,949000,2,3,1424,SINGLE_FAMILY,229685,666.4325843,Yes,Yes,Yes,Yes,Yes,Yes,Yes,B-,B+,B-
238,Castro Valley,1078000,2,4,1408,SINGLE_FAMILY,288158,765.625,Yes,Yes,Yes,Yes,Yes,Yes,Yes,B-,B+,B-
239,Castro Valley,698000,2,2,1168,TOWNHOUSE,444720,597.6027397,Yes,Yes,Yes,Yes,Yes,Yes,Yes,B-,B+,B-
240,Castro Valley,1200000,3,4,2118,SINGLE_FAMILY,853030,566.572238,Yes,Yes,Yes,Yes,Yes,Yes,Yes,B-,B+,B-
241,Castro Valley,579900,2,2,1048,TOWNHOUSE,205645,553.3396947,Yes,Yes,Yes,Yes,Yes,Yes,Yes,B-,B+,B-
242,Castro Valley,1049000,2,3,1852,SINGLE_FAMILY,355517,566.4146868,Yes,Yes,Yes,Yes,Yes,Yes,Yes,B-,B+,B-
243,Castro Valley,749900,1,2,1018,SINGLE_FAMILY,275168,736.6404715,Yes,Yes,Yes,Yes,Yes,Yes,Yes,B-,B+,B-
244,Castro Valley,995000,3,3,1823,SINGLE_FAMILY,109280,545.8036204,Yes,Yes,Yes,Yes,Yes,Yes,Yes,B-,B+,B-
245,Castro Valley,1099000,2,4,1701,SINGLE_FAMILY,85946,646.090535,Yes,Yes,Yes,Yes,Yes,Yes,Yes,B-,B+,B-
246,Castro Valley,1025000,2,3,1448,SINGLE_FAMILY,102580,707.8729282,Yes,Yes,Yes,Yes,Yes,Yes,Yes,B-,B+,B-
247,Castro Valley,849000,1,2,1254,SINGLE_FAMILY,596791,677.0334928,No,Yes,No,Yes,Yes,Yes,No,B-,B+,B-
248,Castro Valley,850000,1,3,1020,SINGLE_FAMILY,63303,833.3333333,Yes,Yes,Yes,Yes,Yes,Yes,Yes,B-,B+,B-
249,Castro Valley,1368000,2,5,1792,SINGLE_FAMILY,875975,763.3928571,Yes,Yes,Yes,Yes,Yes,Yes,Yes,B-,B+,B-
250,Castro Valley,1450000,3,4,2092,SINGLE_FAMILY,113901,693.1166348,Yes,Yes,Yes,Yes,Yes,Yes,Yes,B-,B+,B-
251,Castro Valley,2195000,3,4,3574,SINGLE_FAMILY,1260514,614.1578064,Yes,Yes,Yes,Yes,Yes,Yes,Yes,B-,B+,B-
252,Castro Valley,1550000,2,4,1781,SINGLE_FAMILY,95187,870.2975856,Yes,Yes,Yes,Yes,Yes,Yes,Yes,B-,B+,B-
253,Castro Valley,2388888,3,4,2550,SINGLE_FAMILY,1238373,936.8188235,Yes,Yes,Yes,Yes,Yes,Yes,Yes,B-,B+,B-
254,Castro Valley,1749000,2,4,2038,SINGLE_FAMILY,816766,858.1943081,Yes,Yes,Yes,Yes,Yes,Yes,Yes,B-,B+,B-
255,Castro Valley,1490000,4,4,2430,MULTI_FAMILY,114825,613.1687243,Yes,Yes,Yes,Yes,No,Yes,No,B-,B+,B-
256,Castro Valley,1500000,3,4,2292,SINGLE_FAMILY,884214,654.4502618,Yes,Yes,Yes,Yes,Yes,Yes,Yes,B-,B+,B-
257,Castro Valley,1695000,3,5,3068,SINGLE_FAMILY,1028011,552.4771838,No,Yes,Yes,Yes,No,Yes,No,B-,B+,B-
258,Castro Valley,1775000,3,4,3150,SINGLE_FAMILY,566609,563.4920635,Yes,Yes,Yes,Yes,Yes,Yes,No,B-,B+,B-
259,Castro Valley,1598000,3,4,2256,SINGLE_FAMILY,1143387,708.3333333,Yes,Yes,Yes,Yes,Yes,Yes,Yes,B-,B+,B-
260,Castro Valley,929000,2,3,1737,SINGLE_FAMILY,112121,534.830167,Yes,Yes,Yes,Yes,Yes,Yes,Yes,B-,B+,B-
261,Castro Valley,1595000,3,4,2352,SINGLE_FAMILY,563318,678.1462585,Yes,Yes,Yes,Yes,Yes,Yes,Yes,B-,B+,B-
262,Castro Valley,898000,1,2,1116,SINGLE_FAMILY,59607,804.6594982,Yes,Yes,Yes,Yes,Yes,Yes,Yes,B-,B+,B-
263,Castro Valley,1699000,3,4,2605,SINGLE_FAMILY,653165,652.2072937,No,Yes,Yes,Yes,No,Yes,Yes,B-,B+,B-
264,Castro Valley,2298800,2,3,2844,SINGLE_FAMILY,594170,808.2981716,Yes,Yes,Yes,Yes,Yes,Yes,Yes,B-,B+,B-
265,Castro Valley,1049000,2,5,1633,SINGLE_FAMILY,364961,642.3759951,Yes,Yes,Yes,Yes,Yes,Yes,Yes,B-,B+,B-
266,Castro Valley,899900,3,3,1546,TOWNHOUSE,746330,582.0827943,No,Yes,No,Yes,No,Yes,No,B-,B+,B-
267,Castro Valley,1150000,2,3,1356,SINGLE_FAMILY,501387,848.0825959,Yes,Yes,Yes,Yes,Yes,Yes,Yes,B-,B+,B-
268,Castro Valley,1599000,2,4,2176,SINGLE_FAMILY,754105,734.8345588,Yes,Yes,Yes,Yes,Yes,Yes,Yes,B-,B+,B-
269,Castro Valley,999888,3,3,1836,SINGLE_FAMILY,229561,544.6013072,Yes,Yes,Yes,Yes,Yes,Yes,Yes,B-,B+,B-
270,Castro Valley,1699999,3,4,2248,SINGLE_FAMILY,1372911,756.2273132,Yes,Yes,Yes,Yes,Yes,Yes,Yes,B-,B+,B-
271,Castro Valley,1425000,3,4,2096,SINGLE_FAMILY,917324,679.8664122,Yes,Yes,Yes,Yes,Yes,Yes,Yes,B-,B+,B-
272,Hayward,492500,2,2,936,CONDO,312570,526.1752137,Yes,Yes,Yes,Yes,Yes,Yes,Yes,B,C,C
273,Hayward,1249000,4,4,1969,TOWNHOUSE,,634.3321483,Yes,Yes,Yes,Yes,Yes,Yes,No,B,C,C
274,Hayward,730000,3,4,1474,TOWNHOUSE,496895,495.2510176,Yes,Yes,Yes,Yes,Yes,Yes,No,B,C,C
275,Hayward,999888,3,4,2067,SINGLE_FAMILY,150220,483.7387518,Yes,Yes,Yes,Yes,Yes,Yes,Yes,B,C,C
276,Hayward,889000,2,3,1419,SINGLE_FAMILY,479374,626.4975335,No,No,No,Yes,Yes,Yes,No,B,C,C
277,Hayward,330000,2,2,1512,MANUFACTURED,,218.2539683,Yes,Yes,Yes,Yes,No,Yes,No,B,C,C
278,Hayward,420000,2,2,756,CONDO,122049,555.5555556,Yes,Yes,Yes,Yes,Yes,Yes,No,B,C,C
279,Hayward,829000,2,3,1281,SINGLE_FAMILY,577407,647.1506635,Yes,Yes,Yes,Yes,Yes,Yes,No,B,C,C
280,Hayward,998888,2,3,2020,SINGLE_FAMILY,192172,494.4990099,Yes,Yes,Yes,Yes,Yes,Yes,Yes,B,C,C
281,Hayward,699000,1,2,780,SINGLE_FAMILY,536095,896.1538462,Yes,Yes,Yes,Yes,Yes,Yes,Yes,B,C,C
282,Hayward,570000,2,2,1056,CONDO,368742,539.7727273,Yes,Yes,Yes,Yes,Yes,Yes,Yes,B,C,C
283,Hayward,575000,1,2,1040,CONDO,341041,552.8846154,Yes,Yes,Yes,Yes,Yes,Yes,Yes,B,C,C
284,Hayward,699000,3,2,1340,TOWNHOUSE,583440,521.641791,Yes,Yes,Yes,Yes,Yes,Yes,Yes,B,C,C
285,Hayward,899000,4,4,2010,SINGLE_FAMILY,262272,447.2636816,Yes,Yes,Yes,Yes,Yes,Yes,Yes,B,C,C
286,Hayward,899000,2,3,1154,SINGLE_FAMILY,664710,779.0294627,Yes,Yes,Yes,Yes,Yes,Yes,Yes,B,C,C
287,Hayward,1288000,4,5,2493,SINGLE_FAMILY,1008814,516.6466105,Yes,Yes,Yes,Yes,Yes,Yes,Yes,B,C,C
288,Hayward,968000,2,4,1672,SINGLE_FAMILY,537315,578.9473684,Yes,Yes,Yes,Yes,Yes,Yes,No,B,C,C
289,Hayward,1065000,4,4,1984,TOWNHOUSE,,536.7943548,No,No,No,Yes,No,Yes,No,B,C,C
290,Hayward,1198989,3,4,2062,SINGLE_FAMILY,302419,581.4689622,Yes,Yes,Yes,Yes,Yes,Yes,Yes,B,C,C
291,Hayward,739000,1,3,1370,SINGLE_FAMILY,331987,539.4160584,Yes,Yes,Yes,Yes,Yes,Yes,Yes,B,C,C
292,Hayward,1150000,3,4,2249,SINGLE_FAMILY,965744,511.3383726,Yes,Yes,Yes,Yes,Yes,Yes,Yes,B,C,C
293,Hayward,749950,2,3,1359,SINGLE_FAMILY,79245,551.8395879,Yes,Yes,Yes,Yes,Yes,Yes,Yes,B,C,C
294,Hayward,499000,1,1,787,CONDO,418860,634.0533672,Yes,Yes,Yes,Yes,Yes,Yes,Yes,B,C,C
295,Hayward,875000,2,3,1149,SINGLE_FAMILY,485276,761.5317668,No,No,No,Yes,No,Yes,No,B,C,C
296,Hayward,907000,3,3,1948,TOWNHOUSE,,465.6057495,No,No,No,Yes,No,Yes,No,B,C,C
297,Hayward,999000,2,5,2656,SINGLE_FAMILY,,376.1295181,Yes,Yes,Yes,Yes,Yes,Yes,No,B,C,C
298,Hayward,298000,2,2,1480,MANUFACTURED,,201.3513514,Yes,Yes,Yes,Yes,Yes,Yes,Yes,B,C,C
299,Hayward,280000,2,2,1344,MANUFACTURED,,208.3333333,Yes,Yes,Yes,Yes,Yes,Yes,Yes,B,C,C
300,Hayward,850000,2,3,1318,SINGLE_FAMILY,445581,644.9165402,Yes,Yes,Yes,Yes,Yes,Yes,Yes,B,C,C
301,Hayward,838000,2,3,1000,SINGLE_FAMILY,237120,838,Yes,Yes,Yes,Yes,Yes,Yes,Yes,B,C,C
302,Hayward,924218,3,3,1892,TOWNHOUSE,,488.487315,No,No,No,Yes,No,Yes,No,B,C,C
303,Hayward,940000,3,3,2025,TOWNHOUSE,,464.1975309,No,No,No,Yes,No,Yes,No,B,C,C
304,Hayward,550000,2,2,1125,TOWNHOUSE,473025,488.8888889,Yes,No,No,Yes,No,Yes,No,B,C,C
305,Hayward,529000,2,3,1218,CONDO,228665,434.318555,Yes,Yes,Yes,Yes,Yes,Yes,Yes,B,C,C
306,Hayward,475000,1,2,840,CONDO,144115,565.4761905,Yes,Yes,Yes,Yes,Yes,Yes,Yes,B,C,C
307,Hayward,799000,2,3,1284,SINGLE_FAMILY,644100,622.2741433,Yes,Yes,Yes,Yes,Yes,Yes,No,B,C,C
308,Hayward,835000,3,3,1563,TOWNHOUSE,,534.2290467,No,No,No,Yes,No,Yes,No,B,C,C
309,Hayward,961450,3,4,2119,TOWNHOUSE,,453.7281737,No,No,No,Yes,No,Yes,No,B,C,C
310,Hayward,249000,2,3,1368,MANUFACTURED,,182.0175439,Yes,Yes,Yes,Yes,Yes,Yes,Yes,B,C,C
311,Hayward,889000,3,3,1732,TOWNHOUSE,,513.2794457,No,No,No,Yes,No,Yes,No,B,C,C
312,Hayward,961450,3,4,2119,TOWNHOUSE,,453.7281737,No,No,No,Yes,No,Yes,No,B,C,C
313,Los Altos,4895000,3,3,1760,SINGLE_FAMILY,4029000,2781.25,No,Yes,Yes,Yes,No,Yes,No,A+,A+,A+
314,Los Altos,4250000,1,2,1216,SINGLE_FAMILY,92251,3495.065789,Yes,Yes,Yes,Yes,Yes,Yes,No,A+,A+,A+
315,Los Altos,4750000,4,4,2864,SINGLE_FAMILY,74705,1658.519553,Yes,Yes,Yes,Yes,Yes,Yes,No,A+,A+,A+
316,Los Altos,3149000,2,2,1430,SINGLE_FAMILY,110750,2202.097902,Yes,Yes,Yes,Yes,Yes,Yes,No,A+,A+,A+
317,Los Altos,4495000,4,4,3025,SINGLE_FAMILY,3118921,1485.950413,Yes,Yes,Yes,Yes,Yes,Yes,No,A+,A+,A+
318,Los Altos,6995000,5,5,3419,SINGLE_FAMILY,3715168,2045.91986,Yes,Yes,Yes,Yes,Yes,Yes,No,A+,A+,A+
319,Los Altos,3798000,4,5,2898,SINGLE_FAMILY,979925,1310.559006,Yes,Yes,Yes,Yes,Yes,Yes,No,A+,A+,A+
320,Los Altos,6998000,4,4,4185,SINGLE_FAMILY,6220000,1672.162485,Yes,Yes,Yes,Yes,Yes,Yes,No,A+,A+,A+
321,Los Altos,6195000,4,4,3933,SINGLE_FAMILY,3787535,1575.133486,Yes,Yes,Yes,Yes,Yes,Yes,No,A+,A+,A+
322,Los Altos,4598000,5,5,3038,SINGLE_FAMILY,2872864,1513.495721,Yes,Yes,Yes,Yes,Yes,Yes,No,A+,A+,A+
323,Los Altos,4288000,2,3,2033,SINGLE_FAMILY,4750000,2109.198229,No,Yes,Yes,Yes,Yes,Yes,No,A+,A+,A+
324,Los Altos,3495000,3,3,1764,SINGLE_FAMILY,369238,1981.292517,Yes,Yes,Yes,Yes,Yes,Yes,No,A+,A+,A+
325,Los Altos,1179000,2,1,1090,CONDO,898142,1081.651376,Yes,Yes,Yes,Yes,Yes,Yes,No,A+,A+,A+
326,Los Altos,6595000,4,5,3409,SINGLE_FAMILY,3573250,1934.584922,Yes,Yes,Yes,Yes,No,Yes,No,A+,A+,A+
327,Los Altos,5650000,7,6,4041,SINGLE_FAMILY,1582821,1398.16877,No,Yes,Yes,Yes,No,Yes,No,A+,A+,A+
328,Los Altos,4488000,4,4,3396,SINGLE_FAMILY,4585000,1321.55477,Yes,Yes,Yes,Yes,Yes,Yes,No,A+,A+,A+
329,Los Altos,6395000,5,4,3428,SINGLE_FAMILY,3539400,1865.519253,Yes,Yes,Yes,Yes,Yes,Yes,No,A+,A+,A+
330,Los Altos,4985000,4,4,3256,SINGLE_FAMILY,2465849,1531.019656,Yes,Yes,Yes,Yes,Yes,Yes,No,A+,A+,A+
331,Los Altos,810000,1,1,787,CONDO,545960,1029.224905,Yes,Yes,Yes,Yes,Yes,Yes,No,A+,A+,A+
332,Los Altos,3998000,3,4,2149,SINGLE_FAMILY,1569507,1860.400186,Yes,Yes,Yes,Yes,Yes,Yes,No,A+,A+,A+
333,Los Altos,2598000,2,4,1496,SINGLE_FAMILY,1009254,1736.631016,Yes,Yes,Yes,Yes,Yes,Yes,No,A+,A+,A+
334,Los Altos,3498000,3,3,2155,SINGLE_FAMILY,698953,1623.201856,Yes,Yes,Yes,Yes,Yes,Yes,No,A+,A+,A+
335,Los Altos,7995000,5,5,3907,SINGLE_FAMILY,4293669,2046.327105,Yes,Yes,Yes,Yes,No,Yes,No,A+,A+,A+
336,Los Altos,5980000,3,4,3410,SINGLE_FAMILY,1549467,1753.665689,Yes,Yes,Yes,Yes,Yes,Yes,No,A+,A+,A+
337,Los Altos,3793999,4,4,3573,SINGLE_FAMILY,3001626,1061.852505,Yes,Yes,Yes,Yes,No,Yes,No,A+,A+,A+
338,Los Altos,2695000,3,3,1664,SINGLE_FAMILY,109446,1619.591346,Yes,Yes,Yes,Yes,Yes,Yes,No,A+,A+,A+
339,Los Altos,2998000,2,3,2212,SINGLE_FAMILY,1767093,1355.334539,Yes,Yes,Yes,Yes,Yes,Yes,No,A+,A+,A+
340,Los Altos,5995000,5,4,3712,SINGLE_FAMILY,3100000,1615.032328,Yes,Yes,Yes,Yes,Yes,Yes,No,A+,A+,A+
341,Los Altos,6725000,5,4,3482,SINGLE_FAMILY,4423024,1931.361287,Yes,Yes,Yes,Yes,Yes,Yes,No,A+,A+,A+
342,Los Altos,1695000,2,3,1405,CONDO,1386182,1206.405694,Yes,Yes,Yes,Yes,No,Yes,No,A+,A+,A+
343,Los Altos,2599000,3,2,2234,CONDO,231383,1163.384064,Yes,Yes,Yes,Yes,Yes,Yes,No,A+,A+,A+
344,Los Altos,7200000,5,6,3703,SINGLE_FAMILY,5927598,1944.36943,Yes,Yes,Yes,Yes,No,Yes,No,A+,A+,A+
345,Los Altos,1598000,1,1,891,CONDO,891493,1793.49046,Yes,Yes,Yes,Yes,Yes,Yes,No,A+,A+,A+
346,Los Altos,5299000,5,4,3093,SINGLE_FAMILY,3226510,1713.223408,Yes,Yes,Yes,Yes,Yes,Yes,No,A+,A+,A+
347,Los Altos,1488000,1,1,1092,CONDO,929892,1362.637363,Yes,Yes,Yes,Yes,Yes,Yes,No,A+,A+,A+
348,Los Altos,3998000,3,4,3319,SINGLE_FAMILY,2167767,1204.579693,Yes,Yes,Yes,Yes,Yes,Yes,No,A+,A+,A+
349,Menlo Park,998000,2,2,1200,CONDO,327105,831.6666667,Yes,Yes,Yes,Yes,Yes,Yes,No,A+,A-,B
350,Menlo Park,4495000,3,5,2540,SINGLE_FAMILY,583574,1769.685039,Yes,Yes,Yes,Yes,Yes,Yes,No,A+,A-,B
351,Menlo Park,6498000,5,6,3718,SINGLE_FAMILY,3846560,1747.713825,Yes,Yes,Yes,Yes,Yes,Yes,No,A+,A-,B
352,Menlo Park,3395000,5,4,2878,SINGLE_FAMILY,1574000,1179.638638,Yes,Yes,Yes,Yes,Yes,Yes,No,A+,A-,B
353,Menlo Park,7495000,5,4,3997,SINGLE_FAMILY,4000000,1875.156367,Yes,Yes,Yes,Yes,Yes,Yes,No,A+,A-,B
354,Menlo Park,1129000,3,2,1218,TOWNHOUSE,,926.9293924,Yes,Yes,Yes,Yes,Yes,Yes,No,A+,A-,B
355,Menlo Park,5988000,5,4,3608,SINGLE_FAMILY,5098214,1659.645233,Yes,Yes,Yes,Yes,Yes,Yes,No,A+,A-,B
356,Menlo Park,2895000,2,3,1955,SINGLE_FAMILY,2578642,1480.818414,Yes,Yes,Yes,Yes,Yes,Yes,No,A+,A-,B
357,Menlo Park,3998000,4,4,3585,SINGLE_FAMILY,2107766,1115.202232,Yes,Yes,Yes,Yes,Yes,Yes,No,A+,A-,B
358,Menlo Park,2135000,2,2,1700,TOWNHOUSE,1940684,1255.882353,No,Yes,Yes,Yes,No,Yes,No,A+,A-,B
359,Menlo Park,999000,2,2,986,CONDO,746890,1013.184584,Yes,Yes,Yes,Yes,Yes,Yes,No,A+,A-,B
360,Menlo Park,1207000,1,3,910,SINGLE_FAMILY,817681,1326.373626,Yes,Yes,Yes,Yes,Yes,Yes,No,A+,A-,B
361,Menlo Park,1175000,2,4,1180,SINGLE_FAMILY,566268,995.7627119,Yes,Yes,Yes,Yes,Yes,Yes,No,A+,A-,B
362,Menlo Park,2993000,3,4,1710,SINGLE_FAMILY,136037,1750.292398,Yes,Yes,Yes,Yes,Yes,Yes,No,A+,A-,B
363,Menlo Park,2900000,3,5,2270,SINGLE_FAMILY,824281,1277.53304,Yes,Yes,Yes,Yes,Yes,Yes,No,A+,A-,B
364,Menlo Park,2498000,1,2,1560,SINGLE_FAMILY,360852,1601.282051,Yes,Yes,Yes,Yes,Yes,Yes,No,A+,A-,B
365,Menlo Park,2075000,1,2,1050,SINGLE_FAMILY,165415,1976.190476,Yes,Yes,Yes,Yes,Yes,Yes,No,A+,A-,B
366,Menlo Park,4188000,2,3,2010,SINGLE_FAMILY,945160,2083.58209,Yes,Yes,Yes,Yes,No,Yes,No,A+,A-,B
367,Menlo Park,3788000,2,3,1720,SINGLE_FAMILY,2898158,2202.325581,Yes,Yes,Yes,Yes,Yes,Yes,No,A+,A-,B
368,Menlo Park,1988000,2,2,1360,CONDO,1912500,1461.764706,Yes,Yes,Yes,Yes,Yes,Yes,No,A+,A-,B
369,Menlo Park,939000,2,2,1000,CONDO,163236,939,No,Yes,Yes,Yes,No,Yes,No,A+,A-,B
370,Menlo Park,1995000,2,3,1910,SINGLE_FAMILY,1003498,1044.502618,Yes,Yes,Yes,Yes,Yes,Yes,No,A+,A-,B
371,Menlo Park,3795000,3,4,2525,SINGLE_FAMILY,2299552,1502.970297,Yes,Yes,Yes,Yes,Yes,Yes,No,A+,A-,B
372,Menlo Park,3350000,2,3,2420,SINGLE_FAMILY,634513,1384.297521,Yes,Yes,Yes,Yes,Yes,Yes,No,A+,A-,B
373,Menlo Park,3995000,4,3,3115,SINGLE_FAMILY,2044090,1282.504013,Yes,Yes,Yes,Yes,Yes,Yes,No,A+,A-,B
374,Menlo Park,1149000,1,3,1310,SINGLE_FAMILY,672909,877.0992366,No,Yes,Yes,Yes,No,Yes,No,A+,A-,B
375,Menlo Park,1698000,3,4,1760,SINGLE_FAMILY,398860,964.7727273,Yes,Yes,Yes,Yes,Yes,Yes,No,A+,A-,B
376,Menlo Park,7198000,4,4,3250,SINGLE_FAMILY,967647,2214.769231,Yes,Yes,Yes,Yes,Yes,Yes,No,A+,A-,B
377,Menlo Park,4595000,4,4,2713,SINGLE_FAMILY,2400000,1693.697014,Yes,Yes,Yes,Yes,Yes,Yes,No,A+,A-,B
378,Menlo Park,2300000,3,4,2180,TOWNHOUSE,2007930,1055.045872,Yes,Yes,Yes,Yes,Yes,Yes,No,A+,A-,B
379,Menlo Park,1238000,2,4,1320,SINGLE_FAMILY,377123,937.8787879,No,No,No,Yes,No,Yes,No,A+,A-,B
380,Menlo Park,1850000,2,2,1850,CONDO,738205,1000,Yes,Yes,Yes,Yes,Yes,Yes,No,A+,A-,B
381,Menlo Park,2849000,2,4,2023,SINGLE_FAMILY,1581000,1408.304498,Yes,Yes,Yes,Yes,Yes,Yes,No,A+,A-,B
382,Menlo Park,6195000,6,5,3693,SINGLE_FAMILY,3100000,1677.497969,Yes,Yes,Yes,Yes,Yes,Yes,No,A+,A-,B
383,Menlo Park,2088000,2,3,1628,SINGLE_FAMILY,977788,1282.555283,Yes,Yes,Yes,Yes,Yes,Yes,No,A+,A-,B
384,Menlo Park,2495000,3,2,2550,CONDO,319607,978.4313725,No,Yes,Yes,Yes,No,Yes,No,A+,A-,B
385,Mill Valley,1995000,3,4,2490,SINGLE_FAMILY,862914,801.2048193,Yes,Yes,Yes,Yes,Yes,Yes,No,A+,A+,B+
386,Mill Valley,5300000,4,5,3140,SINGLE_FAMILY,2167144,1687.898089,No,Yes,Yes,Yes,No,Yes,No,A+,A+,B+
387,Mill Valley,2195000,3,4,1979,SINGLE_FAMILY,1935725,1109.146033,No,Yes,Yes,Yes,Yes,Yes,No,A+,A+,B+
388,Mill Valley,995000,2,3,1810,SINGLE_FAMILY,92376,549.7237569,No,Yes,Yes,Yes,Yes,Yes,No,A+,A+,B+
389,Mill Valley,2085000,3,4,2171,SINGLE_FAMILY,207763,960.3869185,Yes,Yes,Yes,Yes,Yes,Yes,No,A+,A+,B+
390,Mill Valley,1495000,2,3,1382,SINGLE_FAMILY,854611,1081.765557,Yes,Yes,Yes,Yes,Yes,Yes,No,A+,A+,B+
391,Mill Valley,1099000,2,2,1181,CONDO,448569,930.5673158,Yes,Yes,Yes,Yes,Yes,Yes,No,A+,A+,B+
392,Mill Valley,5795000,4,4,3579,SINGLE_FAMILY,2118072,1619.167365,No,Yes,Yes,Yes,Yes,Yes,No,A+,A+,B+
393,Mill Valley,3850000,6,5,4280,SINGLE_FAMILY,1011421,899.5327103,No,Yes,Yes,Yes,Yes,Yes,No,A+,A+,B+
394,Mill Valley,1195000,2,2,1614,SINGLE_FAMILY,798903,740.3965304,Yes,Yes,Yes,Yes,Yes,Yes,No,A+,A+,B+
395,Mill Valley,2695000,4,4,3044,SINGLE_FAMILY,1761731,885.348226,Yes,Yes,Yes,Yes,Yes,Yes,No,A+,A+,B+
396,Mill Valley,2495000,4,3,2611,SINGLE_FAMILY,435374,955.5725776,Yes,Yes,Yes,Yes,Yes,Yes,No,A+,A+,B+
397,Mill Valley,2495000,3,3,2700,SINGLE_FAMILY,1925051,924.0740741,Yes,Yes,Yes,Yes,No,Yes,No,A+,A+,B+
398,Mill Valley,2200000,3,4,2076,SINGLE_FAMILY,714670,1059.73025,Yes,Yes,Yes,Yes,Yes,Yes,No,A+,A+,B+
399,Mill Valley,1585000,2,3,1119,SINGLE_FAMILY,1340758,1416.443253,Yes,Yes,Yes,Yes,Yes,Yes,No,A+,A+,B+
400,Mill Valley,3995000,3,5,3540,SINGLE_FAMILY,448260,1128.531073,Yes,Yes,Yes,Yes,Yes,Yes,No,A+,A+,B+
401,Mill Valley,849000,1,1,862,CONDO,601817,984.9187935,Yes,Yes,Yes,Yes,Yes,Yes,No,A+,A+,B+
402,Mill Valley,2350000,3,3,2417,SINGLE_FAMILY,1298844,972.2796856,Yes,Yes,Yes,Yes,Yes,Yes,No,A+,A+,B+
403,Mill Valley,1050000,1,1,556,SINGLE_FAMILY,72456,1888.489209,Yes,Yes,Yes,Yes,Yes,Yes,No,A+,A+,B+
404,Mill Valley,1295000,2,3,1065,SINGLE_FAMILY,1014900,1215.962441,Yes,Yes,Yes,Yes,Yes,Yes,No,A+,A+,B+
405,Mill Valley,1595000,3,3,1686,SINGLE_FAMILY,1235124,946.0260973,No,Yes,Yes,Yes,Yes,Yes,No,A+,A+,B+
406,Mill Valley,3500000,3,4,3000,SINGLE_FAMILY,3696384,1166.666667,Yes,Yes,Yes,Yes,Yes,Yes,No,A+,A+,B+
407,Mill Valley,4200000,4,4,3393,SINGLE_FAMILY,3587760,1237.842617,Yes,Yes,Yes,Yes,Yes,Yes,No,A+,A+,B+
408,Mill Valley,3795000,3,4,3171,SINGLE_FAMILY,3346500,1196.783349,Yes,Yes,Yes,Yes,No,Yes,No,A+,A+,B+
409,Mill Valley,2895000,4,4,3515,SINGLE_FAMILY,1115923,823.6130868,Yes,Yes,Yes,Yes,Yes,Yes,No,A+,A+,B+
410,Mill Valley,2695000,2,3,1783,SINGLE_FAMILY,2102339,1511.497476,Yes,Yes,Yes,Yes,Yes,Yes,No,A+,A+,B+
411,Mill Valley,1689000,2,2,1803,CONDO,1160812,936.7720466,Yes,Yes,Yes,Yes,Yes,Yes,No,A+,A+,B+
412,Mill Valley,5500000,5,5,4012,SINGLE_FAMILY,4866653,1370.887338,No,Yes,Yes,Yes,Yes,Yes,No,A+,A+,B+
413,Mill Valley,3695000,3,5,2516,SINGLE_FAMILY,2542689,1468.600954,Yes,Yes,Yes,Yes,Yes,Yes,No,A+,A+,B+
414,Mill Valley,659000,1,1,696,CONDO,567630,946.8390805,Yes,Yes,Yes,Yes,Yes,Yes,No,A+,A+,B+
415,Mill Valley,6995000,4,5,4970,SINGLE_FAMILY,5131017,1407.444668,No,Yes,Yes,Yes,Yes,Yes,No,A+,A+,B+
416,Mill Valley,1140000,2,2,1330,SINGLE_FAMILY,736932,857.1428571,Yes,Yes,Yes,Yes,Yes,Yes,No,A+,A+,B+
417,Mill Valley,2175000,3,4,2197,SINGLE_FAMILY,210942,989.986345,Yes,Yes,Yes,Yes,Yes,Yes,No,A+,A+,B+
418,Mill Valley,2495000,3,4,2445,SINGLE_FAMILY,183112,1020.449898,Yes,Yes,Yes,Yes,Yes,Yes,No,A+,A+,B+
419,Mill Valley,2295000,2,3,1718,SINGLE_FAMILY,1329676,1335.855646,Yes,Yes,Yes,Yes,No,Yes,No,A+,A+,B+
420,Mill Valley,3295000,3,4,3231,SINGLE_FAMILY,2730743,1019.808109,Yes,Yes,Yes,Yes,Yes,Yes,No,A+,A+,B+
421,Mill Valley,3499000,4,4,2972,SINGLE_FAMILY,2017417,1177.321669,Yes,Yes,Yes,Yes,Yes,Yes,No,A+,A+,B+
422,Mill Valley,1595000,3,2,1850,CONDO,1422262,862.1621622,Yes,Yes,Yes,Yes,Yes,Yes,No,A+,A+,B+
423,Millbrae,2280000,3,4,2423,SINGLE_FAMILY,944250,940.9822534,Yes,Yes,Yes,Yes,Yes,Yes,No,B+,B,A
424,Millbrae,1968000,3,3,2324,SINGLE_FAMILY,1597070,846.8158348,No,Yes,Yes,Yes,Yes,Yes,No,B+,B,A
425,Millbrae,1099000,2,2,1245,CONDO,,882.7309237,Yes,Yes,Yes,Yes,No,Yes,No,B+,B,A
426,Millbrae,1950000,2,3,1440,SINGLE_FAMILY,132325,1354.166667,Yes,Yes,Yes,Yes,Yes,Yes,No,B+,B,A
427,Millbrae,2688888,4,3,1920,SINGLE_FAMILY,2042500,1400.4625,Yes,Yes,No,Yes,Yes,Yes,No,B+,B,A
428,Millbrae,2295000,2,4,2120,SINGLE_FAMILY,167367,1082.54717,Yes,Yes,Yes,Yes,No,Yes,No,B+,B,A
429,Millbrae,1398000,1,3,1140,SINGLE_FAMILY,535938,1226.315789,Yes,Yes,Yes,Yes,Yes,Yes,No,B+,B,A
430,Millbrae,2830000,4,6,3203,SINGLE_FAMILY,1612954,883.546675,Yes,Yes,Yes,Yes,Yes,Yes,No,B+,B,A
431,Millbrae,1898000,2,3,1830,SINGLE_FAMILY,721316,1037.15847,Yes,Yes,Yes,Yes,Yes,Yes,No,B+,B,A
432,Millbrae,1895000,2,3,1570,SINGLE_FAMILY,128865,1207.006369,No,No,No,Yes,No,Yes,No,B+,B,A
433,Millbrae,3098000,2,4,2030,SINGLE_FAMILY,2396068,1526.108374,Yes,Yes,Yes,Yes,Yes,Yes,No,B+,B,A
434,Millbrae,2100000,3,4,2450,SINGLE_FAMILY,208112,857.1428571,Yes,Yes,Yes,Yes,Yes,Yes,No,B+,B,A
435,Millbrae,2048000,2,3,1570,SINGLE_FAMILY,601038,1304.458599,No,Yes,Yes,Yes,No,Yes,No,B+,B,A
436,Millbrae,1128000,2,2,1241,CONDO,,908.9443997,Yes,Yes,Yes,Yes,Yes,Yes,No,B+,B,A
437,Millbrae,1238000,2,2,1417,CONDO,,873.6767819,Yes,Yes,Yes,Yes,Yes,Yes,No,B+,B,A
438,Millbrae,1198000,2,2,1381,CONDO,,867.487328,Yes,Yes,Yes,Yes,Yes,Yes,No,B+,B,A
439,Millbrae,1268000,2,2,1381,CONDO,,918.1752353,Yes,Yes,Yes,Yes,Yes,Yes,No,B+,B,A
440,Millbrae,649000,1,1,764,CONDO,688500,849.4764398,No,Yes,Yes,Yes,No,Yes,No,B+,B,A
441,Millbrae,2498000,3,3,1970,SINGLE_FAMILY,139954,1268.020305,Yes,Yes,Yes,Yes,Yes,Yes,No,B+,B,A
442,Milpitas,1425000,4,3,1981,TOWNHOUSE,919360,719.3336699,No,Yes,Yes,Yes,Yes,Yes,No,B-,C+,B-
443,Milpitas,838000,3,2,1158,TOWNHOUSE,565375,723.6614853,Yes,Yes,Yes,Yes,Yes,Yes,No,B-,C+,B-
444,Milpitas,2168000,3,4,2874,SINGLE_FAMILY,704691,754.3493389,No,Yes,Yes,Yes,Yes,Yes,No,B-,C+,B-
445,Milpitas,2999000,3,4,3274,SINGLE_FAMILY,1694429,916.004887,Yes,Yes,Yes,Yes,Yes,Yes,No,B-,C+,B-
446,Milpitas,1228800,2,3,1100,SINGLE_FAMILY,772641,1117.090909,Yes,Yes,Yes,Yes,Yes,Yes,No,B-,C+,B-
447,Milpitas,1388800,2,3,945,SINGLE_FAMILY,586811,1469.62963,No,Yes,Yes,Yes,Yes,Yes,No,B-,C+,B-
448,Milpitas,1450000,3,5,1762,SINGLE_FAMILY,74083,822.9284904,Yes,Yes,Yes,Yes,Yes,Yes,No,B-,C+,B-
449,Milpitas,698000,2,3,1143,CONDO,699032,610.6736658,Yes,Yes,Yes,Yes,Yes,Yes,No,B-,C+,B-
450,Milpitas,998888,2,3,1290,SINGLE_FAMILY,120332,774.3317829,No,Yes,Yes,Yes,No,Yes,No,B-,C+,B-
451,Milpitas,1399888,3,3,1000,SINGLE_FAMILY,55458,1399.888,Yes,Yes,Yes,Yes,Yes,Yes,No,B-,C+,B-
452,Milpitas,770000,2,3,1180,CONDO,165540,652.5423729,No,Yes,No,Yes,No,Yes,No,B-,C+,B-
453,Milpitas,1575000,4,4,2155,SINGLE_FAMILY,931198,730.8584687,Yes,Yes,Yes,Yes,Yes,Yes,No,B-,C+,B-
454,Milpitas,1198000,3,3,1753,TOWNHOUSE,923967,683.3998859,No,Yes,Yes,Yes,Yes,Yes,No,B-,C+,B-
455,Milpitas,1249000,2,4,1102,SINGLE_FAMILY,653813,1133.393829,Yes,Yes,Yes,Yes,Yes,Yes,No,B-,C+,B-
456,Milpitas,1350000,4,3,1832,TOWNHOUSE,978006,736.8995633,Yes,Yes,Yes,Yes,Yes,Yes,No,B-,C+,B-
457,Milpitas,1295888,2,3,1116,SINGLE_FAMILY,313248,1161.189964,Yes,Yes,Yes,Yes,Yes,Yes,No,B-,C+,B-
458,Milpitas,699999,2,3,1146,CONDO,168804,610.8193717,Yes,Yes,Yes,Yes,Yes,Yes,No,B-,C+,B-
459,Milpitas,1399500,4,3,1860,TOWNHOUSE,841740,752.4193548,No,Yes,Yes,Yes,No,Yes,No,B-,C+,B-
460,Milpitas,1298888,2,4,1382,SINGLE_FAMILY,471941,939.8610709,No,Yes,Yes,Yes,No,Yes,No,B-,C+,B-
461,Milpitas,1199000,2,3,1187,SINGLE_FAMILY,684628,1010.10952,Yes,Yes,Yes,Yes,Yes,Yes,No,B-,C+,B-
462,Milpitas,1485000,2,4,1552,SINGLE_FAMILY,582792,956.8298969,Yes,Yes,Yes,Yes,Yes,Yes,No,B-,C+,B-
463,Milpitas,968888,2,3,1359,TOWNHOUSE,847792,712.941869,Yes,Yes,Yes,Yes,No,Yes,No,B-,C+,B-
464,Milpitas,549000,1,2,863,CONDO,520149,636.1529548,Yes,Yes,Yes,Yes,No,Yes,No,B-,C+,B-
465,Milpitas,999999,3,3,1253,TOWNHOUSE,713928,798.0837989,Yes,Yes,Yes,Yes,No,Yes,No,B-,C+,B-
466,Milpitas,1199900,3,2,1416,TOWNHOUSE,891320,847.3870056,No,Yes,Yes,Yes,Yes,Yes,No,B-,C+,B-
467,Milpitas,899000,2,2,1065,TOWNHOUSE,814332,844.1314554,Yes,Yes,Yes,Yes,Yes,Yes,No,B-,C+,B-
468,Milpitas,1299900,2,4,1158,SINGLE_FAMILY,544533,1122.53886,Yes,Yes,Yes,Yes,Yes,Yes,No,B-,C+,B-
469,Milpitas,1468888,3,4,1586,SINGLE_FAMILY,134049,926.1588903,Yes,Yes,Yes,Yes,Yes,Yes,No,B-,C+,B-
470,Milpitas,1595000,3,4,1860,SINGLE_FAMILY,637855,857.5268817,Yes,Yes,Yes,Yes,Yes,Yes,No,B-,C+,B-
471,Milpitas,1795000,3,3,1940,SINGLE_FAMILY,1178946,925.257732,Yes,Yes,Yes,Yes,Yes,Yes,No,B-,C+,B-
472,Milpitas,1078000,2,3,1530,TOWNHOUSE,955000,704.5751634,Yes,Yes,Yes,Yes,Yes,Yes,No,B-,C+,B-
473,Milpitas,1480000,2,5,1634,SINGLE_FAMILY,999600,905.752754,Yes,Yes,Yes,Yes,Yes,Yes,No,B-,C+,B-
474,Milpitas,1250000,1,3,980,SINGLE_FAMILY,721132,1275.510204,Yes,Yes,Yes,Yes,Yes,Yes,No,B-,C+,B-
475,Milpitas,650000,1,3,1030,CONDO,553722,631.0679612,Yes,Yes,Yes,Yes,Yes,Yes,No,B-,C+,B-
476,Milpitas,1299999,2,3,1299,SINGLE_FAMILY,522016,1000.769053,Yes,Yes,Yes,Yes,Yes,Yes,No,B-,C+,B-
477,Milpitas,1489500,3,4,2045,SINGLE_FAMILY,932420,728.3618582,Yes,Yes,Yes,Yes,Yes,Yes,No,B-,C+,B-
478,Milpitas,899888,3,3,1428,TOWNHOUSE,284888,630.1736695,Yes,Yes,Yes,Yes,Yes,Yes,No,B-,C+,B-
479,Milpitas,3985000,4,5,4454,SINGLE_FAMILY,1464253,894.701392,Yes,Yes,Yes,Yes,Yes,Yes,No,B-,C+,B-
480,Cupertino,1198000,2,2,1198,CONDO,748688,1000,Yes,Yes,Yes,Yes,No,Yes,Yes,A+,A+,A+
481,Cupertino,3950000,4,5,3024,SINGLE_FAMILY,1908893,1306.216931,Yes,Yes,Yes,Yes,Yes,Yes,No,A+,A+,A+
482,Cupertino,3295000,4,5,3196,SINGLE_FAMILY,2931616,1030.97622,Yes,Yes,Yes,Yes,Yes,Yes,No,A+,A+,A+
483,Cupertino,949000,2,2,1206,CONDO,873172,786.8988391,Yes,Yes,Yes,Yes,Yes,Yes,Yes,A+,A+,A+
484,Cupertino,2985000,4,5,2542,SINGLE_FAMILY,2203351,1174.272227,No,Yes,Yes,Yes,No,Yes,Yes,A+,A+,A+
485,Cupertino,2499000,2,5,2046,MULTI_FAMILY,1343994,1221.407625,Yes,Yes,Yes,Yes,No,Yes,No,A+,A+,A+
486,Cupertino,2145000,2,2,2119,TOWNHOUSE,690775,1012.269939,Yes,Yes,Yes,Yes,Yes,Yes,Yes,A+,A+,A+
487,Cupertino,4950000,5,5,3778,SINGLE_FAMILY,3126686,1310.217046,Yes,Yes,Yes,Yes,Yes,Yes,No,A+,A+,A+
488,Cupertino,1839000,3,3,1562,TOWNHOUSE,1625141,1177.336748,Yes,Yes,Yes,Yes,Yes,Yes,No,A+,A+,A+
489,Cupertino,5198000,5,6,4138,SINGLE_FAMILY,58063,1256.162397,Yes,Yes,Yes,Yes,Yes,Yes,No,A+,A+,A+
490,Cupertino,1898000,3,5,1936,TOWNHOUSE,1113901,980.3719008,Yes,Yes,Yes,Yes,Yes,Yes,No,A+,A+,A+
491,Cupertino,3098000,3,6,2349,SINGLE_FAMILY,100531,1318.859089,Yes,Yes,Yes,Yes,Yes,Yes,Yes,A+,A+,A+
492,Cupertino,780000,1,1,850,CONDO,455678,917.6470588,Yes,Yes,Yes,Yes,Yes,Yes,Yes,A+,A+,A+
493,Cupertino,2950000,2,3,1661,SINGLE_FAMILY,187355,1776.038531,Yes,Yes,Yes,Yes,Yes,Yes,Yes,A+,A+,A+
494,Cupertino,1236788,3,2,1216,TOWNHOUSE,844764,1017.095395,Yes,Yes,Yes,Yes,No,Yes,Yes,A+,A+,A+
495,Cupertino,850000,1,1,850,CONDO,551180,1000,Yes,Yes,Yes,Yes,Yes,Yes,Yes,A+,A+,A+
496,Cupertino,1699999,1,2,900,SINGLE_FAMILY,,1888.887778,No,Yes,Yes,Yes,No,Yes,No,A+,A+,A+
497,Cupertino,2700000,2,3,2081,SINGLE_FAMILY,163945,1297.453148,Yes,Yes,Yes,Yes,Yes,Yes,Yes,A+,A+,A+
498,Cupertino,1095000,2,2,1192,CONDO,647100,918.6241611,Yes,Yes,Yes,Yes,No,Yes,No,A+,A+,A+
499,Cupertino,3688000,2,3,2604,SINGLE_FAMILY,,1416.282642,Yes,Yes,Yes,Yes,Yes,Yes,Yes,A+,A+,A+
500,Cupertino,799000,1,1,871,CONDO,516372,917.3363949,No,Yes,Yes,Yes,Yes,Yes,Yes,A+,A+,A+
501,Cupertino,1088000,2,2,1093,CONDO,656744,995.4254346,Yes,Yes,Yes,Yes,Yes,Yes,No,A+,A+,A+
502,Cupertino,3899888,4,4,3217,SINGLE_FAMILY,2541344,1212.27479,Yes,Yes,Yes,Yes,No,Yes,No,A+,A+,A+
503,Cupertino,2998000,2,3,1888,SINGLE_FAMILY,2354845,1587.923729,Yes,Yes,Yes,Yes,Yes,Yes,No,A+,A+,A+
504,Cupertino,4950000,4,4,3445,SINGLE_FAMILY,1623024,1436.865022,Yes,Yes,Yes,Yes,Yes,Yes,Yes,A+,A+,A+
505,Cupertino,3095000,2,7,3406,MULTI_FAMILY,,908.6905461,No,Yes,Yes,Yes,No,Yes,No,A+,A+,A+
506,Cupertino,1083000,2,2,1178,CONDO,626418,919.3548387,No,Yes,Yes,Yes,No,Yes,No,A+,A+,A+
507,Cupertino,1088000,2,2,1154,CONDO,1213800,942.8076256,No,Yes,Yes,Yes,No,Yes,Yes,A+,A+,A+
508,Cupertino,1050000,2,2,1039,CONDO,696152,1010.587103,Yes,Yes,Yes,Yes,Yes,Yes,No,A+,A+,A+
509,Cupertino,3488000,3,4,2340,SINGLE_FAMILY,1674971,1490.598291,Yes,Yes,Yes,Yes,No,Yes,No,A+,A+,A+
510,Daly City,1298000,3,3,1640,SINGLE_FAMILY,155069,791.4634146,Yes,Yes,Yes,Yes,Yes,Yes,No,A,A+,A+
511,Daly City,1295000,3,3,1730,SINGLE_FAMILY,97741,748.5549133,Yes,Yes,Yes,Yes,Yes,Yes,Yes,A,A+,A+
512,Daly City,1300000,1,2,1300,SINGLE_FAMILY,103399,1000,Yes,Yes,Yes,Yes,Yes,Yes,No,A,A+,A+
513,Daly City,1195000,3,4,1890,SINGLE_FAMILY,1019270,632.2751323,Yes,Yes,No,Yes,No,Yes,No,A,A+,A+
514,Daly City,1089000,2,3,1010,SINGLE_FAMILY,525180,1078.217822,Yes,Yes,No,Yes,Yes,Yes,No,A,A+,A+
515,Daly City,1060000,3,2,1705,CONDO,1000000,621.7008798,Yes,Yes,Yes,Yes,Yes,Yes,Yes,A,A+,A+
516,Daly City,1048888,3,3,1572,CONDO,989342,667.2315522,Yes,Yes,No,Yes,Yes,Yes,No,A,A+,A+
517,Daly City,1398000,3,4,1670,SINGLE_FAMILY,1072164,837.1257485,Yes,Yes,No,Yes,Yes,Yes,No,A,A+,A+
518,Daly City,1325000,2,6,3281,MULTI_FAMILY,,403.8402926,Yes,Yes,Yes,Yes,No,Yes,No,A,A+,A+
519,Daly City,1895000,4,4,4374,MULTI_FAMILY,197630,433.2418839,Yes,Yes,Yes,Yes,Yes,Yes,No,A,A+,A+
520,Daly City,1459000,2,3,1230,SINGLE_FAMILY,777068,1186.178862,Yes,Yes,Yes,Yes,Yes,Yes,No,A,A+,A+
521,Daly City,1100000,1,2,1150,SINGLE_FAMILY,162655,956.5217391,Yes,Yes,Yes,Yes,Yes,Yes,Yes,A,A+,A+
522,Daly City,2225000,2,8,5640,MULTI_FAMILY,508751,394.5035461,No,Yes,Yes,Yes,No,Yes,No,A,A+,A+
523,Daly City,1399000,3,4,1890,SINGLE_FAMILY,1076144,740.2116402,No,Yes,No,Yes,Yes,Yes,No,A,A+,A+
524,Daly City,1289000,3,4,2182,SINGLE_FAMILY,324614,590.7424381,Yes,Yes,Yes,Yes,No,Yes,No,A,A+,A+
525,Daly City,1295000,2,3,1470,SINGLE_FAMILY,275282,880.952381,Yes,Yes,Yes,Yes,Yes,Yes,No,A,A+,A+
526,Daly City,2190000,2,8,6720,MULTI_FAMILY,1213314,325.8928571,Yes,Yes,Yes,Yes,Yes,Yes,No,A,A+,A+
527,Daly City,1349900,2,4,1910,SINGLE_FAMILY,772382,706.7539267,Yes,Yes,Yes,Yes,Yes,Yes,No,A,A+,A+
528,Daly City,998000,1,3,1060,SINGLE_FAMILY,79446,941.509434,No,Yes,Yes,Yes,No,Yes,No,A,A+,A+
529,Daly City,1299950,2,4,2010,SINGLE_FAMILY,866908,646.7412935,Yes,Yes,Yes,Yes,Yes,Yes,No,A,A+,A+
530,Daly City,1100000,2,3,1170,SINGLE_FAMILY,929595,940.1709402,Yes,Yes,Yes,Yes,Yes,Yes,Yes,A,A+,A+
531,Daly City,1098888,2,3,1840,SINGLE_FAMILY,470912,597.2217391,Yes,Yes,No,Yes,Yes,Yes,No,A,A+,A+
532,Daly City,998000,2,3,1250,SINGLE_FAMILY,40268,798.4,No,Yes,Yes,Yes,No,Yes,No,A,A+,A+
533,Daly City,625000,1,1,817,CONDO,,764.99388,Yes,Yes,Yes,Yes,Yes,Yes,Yes,A,A+,A+
534,Daly City,1599000,3,5,2050,SINGLE_FAMILY,1193085,780,Yes,Yes,Yes,Yes,No,Yes,No,A,A+,A+
535,Daly City,849500,2,3,1254,CONDO,417734,677.4322169,Yes,No,No,Yes,Yes,Yes,No,A,A+,A+
536,Daly City,789000,2,2,1158,CONDO,686038,681.3471503,Yes,Yes,Yes,Yes,Yes,Yes,Yes,A,A+,A+
537,Daly City,1200000,1,2,2150,MULTI_FAMILY,,558.1395349,Yes,No,No,Yes,No,Yes,No,A,A+,A+
538,Daly City,659000,2,2,1150,CONDO,181046,573.0434783,Yes,Yes,Yes,Yes,Yes,Yes,Yes,A,A+,A+
539,Daly City,1375000,3,4,1580,SINGLE_FAMILY,621314,870.2531646,Yes,Yes,Yes,Yes,Yes,Yes,Yes,A,A+,A+
540,Daly City,995000,1,2,940,SINGLE_FAMILY,877436,1058.510638,Yes,Yes,Yes,Yes,Yes,Yes,No,A,A+,A+
541,Daly City,1225000,2,3,1110,SINGLE_FAMILY,1080000,1103.603604,Yes,Yes,Yes,Yes,Yes,Yes,No,A,A+,A+
542,Daly City,1149888,2,3,1150,SINGLE_FAMILY,972124,999.9026087,Yes,Yes,No,Yes,Yes,Yes,No,A,A+,A+
543,Daly City,1149888,2,2,1030,SINGLE_FAMILY,853040,1116.396117,Yes,Yes,Yes,Yes,Yes,Yes,No,A,A+,A+
544,Daly City,398000,1,0,483,CONDO,,824.0165631,No,Yes,Yes,Yes,No,Yes,Yes,A,A+,A+
545,Daly City,1989000,2,3,2455,SINGLE_FAMILY,1231933,810.1832994,Yes,Yes,No,Yes,No,Yes,No,A,A+,A+
546,Daly City,1599000,3,4,2090,SINGLE_FAMILY,1445369,765.0717703,Yes,Yes,No,Yes,Yes,Yes,No,A,A+,A+
547,Daly City,989888,2,3,1240,SINGLE_FAMILY,71001,798.2967742,Yes,Yes,Yes,Yes,Yes,Yes,Yes,A,A+,A+
548,Daly City,1322000,2,3,1650,SINGLE_FAMILY,1233030,801.2121212,Yes,Yes,Yes,Yes,Yes,Yes,Yes,A,A+,A+
549,Danville,1729000,3,4,2835,SINGLE_FAMILY,1177072,609.8765432,Yes,Yes,Yes,Yes,Yes,Yes,Yes,A+,A-,B
550,Danville,2699000,3,4,3176,SINGLE_FAMILY,609085,849.8110831,Yes,Yes,Yes,Yes,Yes,Yes,Yes,A+,A-,B
551,Danville,2349500,5,4,3085,SINGLE_FAMILY,1613866,761.5883306,Yes,Yes,Yes,Yes,Yes,Yes,Yes,A+,A-,B
552,Danville,1299999,3,3,1804,SINGLE_FAMILY,973403,720.6202882,Yes,Yes,Yes,Yes,Yes,Yes,Yes,A+,A-,B
553,Danville,2680000,4,4,3500,SINGLE_FAMILY,1508793,765.7142857,Yes,Yes,Yes,Yes,Yes,Yes,Yes,A+,A-,B
554,Danville,3999000,7,7,6523,SINGLE_FAMILY,2621400,613.0614748,Yes,Yes,Yes,Yes,Yes,Yes,Yes,A+,A-,B
555,Danville,1848000,3,4,2509,SINGLE_FAMILY,1306450,736.5484257,Yes,Yes,Yes,Yes,Yes,Yes,Yes,A+,A-,B
556,Danville,2589000,2,3,1986,SINGLE_FAMILY,656514,1303.625378,Yes,Yes,Yes,Yes,Yes,Yes,Yes,A+,A-,B
557,Danville,3579000,5,5,4100,SINGLE_FAMILY,432444,872.9268293,Yes,Yes,Yes,Yes,Yes,Yes,Yes,A+,A-,B
558,Danville,2498000,2,2,2603,SINGLE_FAMILY,157378,959.6619285,Yes,Yes,Yes,Yes,Yes,Yes,Yes,A+,A-,B
559,Danville,1899000,3,4,3102,SINGLE_FAMILY,1075031,612.1856867,Yes,Yes,Yes,Yes,Yes,Yes,Yes,A+,A-,B
560,Danville,2198000,3,6,2928,SINGLE_FAMILY,692316,750.6830601,Yes,Yes,Yes,Yes,Yes,Yes,Yes,A+,A-,B
561,Danville,1234900,2,3,1664,TOWNHOUSE,323620,742.1274038,Yes,Yes,Yes,Yes,Yes,Yes,Yes,A+,A-,B
562,Danville,2599800,3,5,4022,SINGLE_FAMILY,1590054,646.3948284,Yes,Yes,Yes,Yes,Yes,Yes,Yes,A+,A-,B
563,Danville,2008888,3,4,2689,SINGLE_FAMILY,1290300,747.0762365,Yes,Yes,Yes,Yes,Yes,Yes,Yes,A+,A-,B
564,Danville,2338000,4,6,3136,SINGLE_FAMILY,1454242,745.5357143,Yes,Yes,Yes,Yes,Yes,Yes,Yes,A+,A-,B
565,Danville,2789000,3,4,2820,SINGLE_FAMILY,583517,989.0070922,Yes,Yes,Yes,Yes,Yes,Yes,Yes,A+,A-,B
566,Danville,750000,2,2,1148,TOWNHOUSE,591498,653.3101045,No,Yes,Yes,Yes,Yes,Yes,No,A+,A-,B
567,Danville,1995000,3,4,2686,SINGLE_FAMILY,762762,742.740134,Yes,Yes,Yes,Yes,Yes,Yes,Yes,A+,A-,B
568,Danville,2998000,3,5,3845,SINGLE_FAMILY,2572941,779.7139142,Yes,Yes,Yes,Yes,Yes,Yes,Yes,A+,A-,B
569,Danville,925000,3,3,1884,TOWNHOUSE,385662,490.9766454,Yes,Yes,Yes,Yes,Yes,Yes,Yes,A+,A-,B
570,Danville,1349000,3,3,1544,SINGLE_FAMILY,1019642,873.7046632,Yes,Yes,Yes,Yes,Yes,Yes,Yes,A+,A-,B
571,Danville,1600000,2,4,1948,SINGLE_FAMILY,116382,821.3552361,Yes,Yes,Yes,Yes,Yes,Yes,Yes,A+,A-,B
572,Danville,2998000,5,6,3660,SINGLE_FAMILY,1885806,819.1256831,Yes,Yes,Yes,Yes,Yes,Yes,Yes,A+,A-,B
573,Danville,2380000,4,4,2706,SINGLE_FAMILY,1596862,879.5269771,Yes,Yes,Yes,Yes,Yes,Yes,Yes,A+,A-,B
574,Danville,1599888,2,3,1598,SINGLE_FAMILY,1130000,1001.181477,Yes,Yes,Yes,Yes,Yes,Yes,Yes,A+,A-,B
575,Danville,1795000,2,4,1772,SINGLE_FAMILY,445271,1012.979684,No,Yes,Yes,Yes,Yes,Yes,No,A+,A-,B
576,Danville,1449000,2,3,1738,SINGLE_FAMILY,659117,833.716916,Yes,Yes,Yes,Yes,Yes,Yes,Yes,A+,A-,B
577,Danville,2450000,4,4,3383,SINGLE_FAMILY,994223,724.2092817,Yes,Yes,Yes,Yes,Yes,Yes,Yes,A+,A-,B
578,Danville,1125000,2,2,1364,TOWNHOUSE,360844,824.7800587,Yes,Yes,Yes,Yes,Yes,Yes,Yes,A+,A-,B
579,Danville,2249800,3,4,3488,SINGLE_FAMILY,694299,645.0114679,Yes,Yes,Yes,Yes,Yes,Yes,Yes,A+,A-,B
580,Danville,4690000,7,5,6224,SINGLE_FAMILY,3390299,753.5347044,Yes,Yes,Yes,Yes,Yes,Yes,Yes,A+,A-,B
581,Danville,2575000,4,5,3263,SINGLE_FAMILY,1490044,789.151088,No,Yes,Yes,Yes,Yes,Yes,Yes,A+,A-,B
582,Danville,1995000,2,4,2222,SINGLE_FAMILY,562644,897.839784,Yes,Yes,Yes,Yes,Yes,Yes,Yes,A+,A-,B
583,Danville,1249000,2,3,1680,SINGLE_FAMILY,85075,743.452381,Yes,Yes,Yes,Yes,Yes,Yes,Yes,A+,A-,B
584,Danville,2498880,5,5,4351,SINGLE_FAMILY,1446676,574.3231441,Yes,Yes,Yes,Yes,Yes,Yes,Yes,A+,A-,B
585,Danville,2125000,2,3,1651,SINGLE_FAMILY,751164,1287.098728,Yes,Yes,Yes,Yes,Yes,Yes,Yes,A+,A-,B
586,Dublin,1774480,3,4,3009,SINGLE_FAMILY,,589.7241609,No,No,No,Yes,No,Yes,No,A+,A+,B+
587,Dublin,1396998,4,5,2738,CONDO,1024048,510.2257122,Yes,Yes,Yes,Yes,Yes,Yes,Yes,A+,A+,B+
588,Dublin,1199999,2,3,1116,SINGLE_FAMILY,839905,1075.267921,Yes,Yes,Yes,Yes,Yes,Yes,Yes,A+,A+,B+
589,Dublin,1471990,4,4,2376,SINGLE_FAMILY,,619.5244108,No,No,No,Yes,No,Yes,No,A+,A+,B+
590,Dublin,1725000,3,3,2089,SINGLE_FAMILY,946042,825.7539493,Yes,Yes,Yes,Yes,Yes,Yes,Yes,A+,A+,B+
591,Dublin,2549888,4,4,3627,SINGLE_FAMILY,1560600,703.029501,Yes,Yes,Yes,Yes,Yes,Yes,Yes,A+,A+,B+
592,Dublin,769000,2,2,963,TOWNHOUSE,747000,798.5462098,Yes,Yes,Yes,Yes,Yes,Yes,Yes,A+,A+,B+
593,Dublin,1649000,3,5,2487,SINGLE_FAMILY,826951,663.0478488,Yes,Yes,Yes,Yes,Yes,Yes,Yes,A+,A+,B+
594,Dublin,1399000,3,4,2009,SINGLE_FAMILY,649150,696.3663514,Yes,Yes,Yes,Yes,Yes,Yes,Yes,A+,A+,B+
595,Dublin,1780000,3,4,2366,SINGLE_FAMILY,786484,752.3245985,Yes,Yes,Yes,Yes,Yes,Yes,Yes,A+,A+,B+
596,Dublin,796643,3,2,1386,CONDO,533770,574.7784993,Yes,Yes,Yes,Yes,Yes,Yes,Yes,A+,A+,B+
597,Dublin,1159000,4,4,2383,CONDO,667211,486.3617289,Yes,Yes,Yes,Yes,Yes,Yes,Yes,A+,A+,B+
598,Dublin,1285880,4,4,2773,TOWNHOUSE,,463.7143887,No,No,No,Yes,No,Yes,No,A+,A+,B+
599,Dublin,1199000,2,3,1053,SINGLE_FAMILY,59145,1138.651472,Yes,Yes,Yes,Yes,Yes,Yes,Yes,A+,A+,B+
600,Dublin,1199880,4,4,2302,TOWNHOUSE,,521.2337098,No,No,No,Yes,No,Yes,No,A+,A+,B+
601,Dublin,1488880,4,4,2466,TOWNHOUSE,,603.7631792,No,No,No,Yes,No,Yes,No,A+,A+,B+
602,Dublin,1099000,3,3,1956,CONDO,,561.8609407,Yes,Yes,Yes,Yes,Yes,Yes,Yes,A+,A+,B+
603,Dublin,1675395,3,4,2681,SINGLE_FAMILY,,624.9142111,No,No,No,Yes,No,Yes,No,A+,A+,B+
604,Dublin,1469880,3,4,2384,TOWNHOUSE,,616.5604027,No,No,No,Yes,No,Yes,No,A+,A+,B+
605,Dublin,968880,2,3,1706,TOWNHOUSE,,567.9249707,No,No,No,Yes,No,Yes,No,A+,A+,B+
606,Dublin,1559880,4,5,2773,TOWNHOUSE,,562.5243419,No,No,No,Yes,No,Yes,No,A+,A+,B+
607,Dublin,1449000,2,4,2016,SINGLE_FAMILY,103914,718.75,Yes,Yes,Yes,Yes,Yes,Yes,Yes,A+,A+,B+
608,Dublin,799000,3,2,1428,CONDO,682230,559.5238095,Yes,Yes,Yes,Yes,Yes,Yes,Yes,A+,A+,B+
609,Dublin,1248000,4,3,2322,CONDO,891260,537.4677003,Yes,Yes,Yes,Yes,Yes,Yes,Yes,A+,A+,B+
610,Dublin,1349000,3,4,2079,SINGLE_FAMILY,1025407,648.8696489,Yes,Yes,Yes,Yes,Yes,Yes,Yes,A+,A+,B+
611,Dublin,1138880,4,3,2106,TOWNHOUSE,,540.7787274,No,No,No,Yes,No,Yes,No,A+,A+,B+
612,Dublin,1060880,3,3,1800,TOWNHOUSE,,589.3777778,No,No,No,Yes,No,Yes,No,A+,A+,B+
613,Dublin,1479000,3,3,1768,SINGLE_FAMILY,789051,836.5384615,Yes,Yes,Yes,Yes,Yes,Yes,No,A+,A+,B+
614,Dublin,1529880,4,5,2700,TOWNHOUSE,,566.6222222,No,No,No,Yes,No,Yes,No,A+,A+,B+
615,Dublin,1799000,3,4,2102,SINGLE_FAMILY,1016985,855.8515699,Yes,Yes,Yes,Yes,Yes,Yes,Yes,A+,A+,B+
616,Dublin,898888,3,3,1596,CONDO,607246,563.2130326,Yes,Yes,Yes,Yes,Yes,Yes,Yes,A+,A+,B+
617,Dublin,988880,3,3,1563,TOWNHOUSE,,632.6807422,No,No,No,Yes,No,Yes,No,A+,A+,B+
618,Dublin,999000,4,4,1848,TOWNHOUSE,880065,540.5844156,Yes,Yes,Yes,Yes,Yes,Yes,Yes,A+,A+,B+
619,Dublin,475000,1,1,722,CONDO,356931,657.8947368,Yes,Yes,Yes,Yes,Yes,Yes,Yes,A+,A+,B+
620,Dublin,2288000,3,5,3531,SINGLE_FAMILY,1043868,647.9750779,Yes,Yes,Yes,Yes,Yes,Yes,Yes,A+,A+,B+
621,Dublin,899900,3,3,1897,TOWNHOUSE,435138,474.3806009,Yes,Yes,Yes,Yes,Yes,Yes,Yes,A+,A+,B+
622,Dublin,1185000,4,4,2112,TOWNHOUSE,512061,561.0795455,Yes,Yes,Yes,Yes,Yes,Yes,Yes,A+,A+,B+
623,Dublin,999950,3,3,1770,CONDO,392348,564.9435028,Yes,Yes,Yes,Yes,Yes,Yes,Yes,A+,A+,B+
624,El Cerrito,1229000,2,3,1139,SINGLE_FAMILY,319448,1079.016681,Yes,Yes,Yes,Yes,Yes,Yes,Yes,B+,B,A
625,El Cerrito,1718000,3,3,2404,SINGLE_FAMILY,1428000,714.6422629,Yes,Yes,Yes,Yes,Yes,Yes,Yes,B+,B,A
626,El Cerrito,1195000,3,4,1300,SINGLE_FAMILY,1270000,919.2307692,Yes,Yes,Yes,Yes,No,Yes,No,B+,B,A
627,El Cerrito,1298000,2,4,2132,SINGLE_FAMILY,124558,608.8180113,Yes,Yes,Yes,Yes,Yes,Yes,Yes,B+,B,A
628,El Cerrito,1250000,2,4,2720,SINGLE_FAMILY,378465,459.5588235,Yes,Yes,Yes,Yes,Yes,Yes,Yes,B+,B,A
629,El Cerrito,1399888,2,3,1674,SINGLE_FAMILY,743878,836.2532855,Yes,Yes,Yes,Yes,Yes,Yes,Yes,B+,B,A
630,El Cerrito,849000,1,2,878,SINGLE_FAMILY,633797,966.9703872,Yes,Yes,Yes,Yes,Yes,Yes,Yes,B+,B,A
631,El Cerrito,1195000,2,3,2117,SINGLE_FAMILY,1185750,564.478035,Yes,Yes,Yes,Yes,Yes,Yes,Yes,B+,B,A
632,El Cerrito,2498000,3,6,4969,SINGLE_FAMILY,743910,502.7168444,Yes,Yes,Yes,Yes,Yes,Yes,Yes,B+,B,A
633,El Cerrito,849000,1,2,1274,SINGLE_FAMILY,736139,666.4050235,Yes,Yes,Yes,Yes,Yes,Yes,Yes,B+,B,A
634,El Cerrito,799000,1,2,1096,SINGLE_FAMILY,719449,729.0145985,Yes,Yes,Yes,Yes,Yes,Yes,Yes,B+,B,A
635,El Cerrito,699000,2,2,882,CONDO,394991,792.5170068,Yes,Yes,Yes,Yes,Yes,Yes,Yes,B+,B,A
636,El Cerrito,2298000,5,4,3446,SINGLE_FAMILY,1313575,666.8601277,Yes,Yes,Yes,Yes,Yes,Yes,Yes,B+,B,A
637,El Cerrito,2150000,4,4,3528,SINGLE_FAMILY,1674671,609.4104308,Yes,Yes,Yes,Yes,Yes,Yes,Yes,B+,B,A
638,El Cerrito,1495000,3,4,2660,SINGLE_FAMILY,1165415,562.0300752,Yes,Yes,Yes,Yes,Yes,Yes,Yes,B+,B,A
639,El Cerrito,1495000,3,3,1934,SINGLE_FAMILY,319285,773.0093071,Yes,Yes,Yes,Yes,Yes,Yes,Yes,B+,B,A
640,El Cerrito,949000,3,3,1711,MULTI_FAMILY,261425,554.6464056,Yes,Yes,Yes,Yes,No,Yes,No,B+,B,A
641,El Cerrito,599000,2,2,1144,TOWNHOUSE,536099,523.6013986,Yes,Yes,Yes,Yes,Yes,Yes,Yes,B+,B,A
642,El Cerrito,1288000,2,3,1850,SINGLE_FAMILY,619465,696.2162162,Yes,Yes,Yes,Yes,Yes,Yes,Yes,B+,B,A
643,El Cerrito,799000,2,2,922,SINGLE_FAMILY,488578,866.5943601,Yes,Yes,Yes,Yes,Yes,Yes,Yes,B+,B,A
644,El Cerrito,1195000,2,3,2202,MULTI_FAMILY,943018,542.688465,Yes,Yes,Yes,Yes,No,Yes,No,B+,B,A
645,El Cerrito,988000,2,6,1900,SINGLE_FAMILY,266467,520,Yes,Yes,Yes,Yes,Yes,Yes,Yes,B+,B,A
646,El Cerrito,895000,2,3,1262,CONDO,476081,709.1917591,Yes,Yes,Yes,Yes,Yes,Yes,Yes,B+,B,A
647,El Cerrito,875000,2,3,1320,SINGLE_FAMILY,250675,662.8787879,Yes,Yes,Yes,Yes,Yes,Yes,Yes,B+,B,A
648,El Cerrito,1750000,3,4,3366,SINGLE_FAMILY,1179420,519.9049317,No,No,No,Yes,No,Yes,No,B+,B,A
649,El Cerrito,799888,2,3,1112,SINGLE_FAMILY,566601,719.323741,Yes,Yes,No,Yes,Yes,Yes,No,B+,B,A
650,El Cerrito,1195000,2,3,1870,SINGLE_FAMILY,892411,639.0374332,Yes,Yes,Yes,Yes,Yes,Yes,Yes,B+,B,A
651,El Cerrito,998000,2,3,1627,SINGLE_FAMILY,63511,613.3988937,Yes,Yes,Yes,Yes,Yes,Yes,Yes,B+,B,A
652,El Cerrito,1195000,3,5,1743,SINGLE_FAMILY,889925,685.599541,Yes,Yes,Yes,Yes,Yes,Yes,Yes,B+,B,A
653,El Cerrito,875000,2,3,1048,CONDO,430415,834.9236641,Yes,Yes,Yes,Yes,Yes,Yes,Yes,B+,B,A
654,El Cerrito,949000,2,2,1227,SINGLE_FAMILY,294033,773.4311328,Yes,Yes,Yes,Yes,Yes,Yes,Yes,B+,B,A
655,Fremont,1488888,3,4,1781,SINGLE_FAMILY,727346,835.9842785,Yes,Yes,Yes,Yes,No,Yes,No,A+,A,A+
656,Fremont,1199000,2,3,1167,SINGLE_FAMILY,779675,1027.420737,Yes,Yes,Yes,Yes,Yes,Yes,Yes,A+,A,A+
657,Fremont,1350000,2,4,1607,SINGLE_FAMILY,411514,840.0746733,Yes,Yes,Yes,Yes,Yes,Yes,Yes,A+,A,A+
658,Fremont,1998000,3,5,2425,SINGLE_FAMILY,1104344,823.9175258,No,Yes,Yes,Yes,Yes,Yes,No,A+,A,A+
659,Fremont,1559950,2,4,1635,SINGLE_FAMILY,185951,954.0978593,Yes,Yes,Yes,Yes,Yes,Yes,Yes,A+,A,A+
660,Fremont,1299880,3,3,2218,TOWNHOUSE,,586.0595131,No,No,No,Yes,No,Yes,No,A+,A,A+
661,Fremont,745000,2,2,1024,TOWNHOUSE,134464,727.5390625,No,Yes,Yes,Yes,No,Yes,No,A+,A,A+
662,Fremont,949000,1,3,1111,SINGLE_FAMILY,623764,854.1854185,No,Yes,Yes,Yes,No,Yes,No,A+,A,A+
663,Fremont,2049888,4,4,2374,SINGLE_FAMILY,1687470,863.474305,Yes,Yes,Yes,Yes,Yes,Yes,Yes,A+,A,A+
664,Fremont,1200000,2,4,1599,SINGLE_FAMILY,380167,750.4690432,Yes,Yes,Yes,Yes,Yes,Yes,Yes,A+,A,A+
665,Fremont,1995000,4,4,2374,SINGLE_FAMILY,1663736,840.3538332,Yes,Yes,Yes,Yes,Yes,Yes,Yes,A+,A,A+
666,Fremont,950000,2,2,1279,CONDO,874752,742.7677873,No,Yes,Yes,Yes,Yes,Yes,Yes,A+,A,A+
667,Fremont,1198000,3,3,1610,CONDO,1187611,744.0993789,Yes,Yes,Yes,Yes,Yes,Yes,Yes,A+,A,A+
668,Fremont,1600000,3,4,1789,SINGLE_FAMILY,866850,894.3543879,Yes,Yes,Yes,Yes,Yes,Yes,No,A+,A,A+
669,Fremont,749880,2,2,1035,TOWNHOUSE,,724.5217391,No,No,No,Yes,No,Yes,No,A+,A,A+
670,Fremont,696880,2,2,977,TOWNHOUSE,,713.2855681,No,No,No,Yes,No,Yes,No,A+,A,A+
671,Fremont,1098888,3,4,1296,SINGLE_FAMILY,793120,847.9074074,Yes,Yes,Yes,Yes,No,Yes,No,A+,A,A+
672,Fremont,1355120,2,2,1678,CONDO,,807.5804529,Yes,Yes,Yes,Yes,Yes,Yes,Yes,A+,A,A+
673,Fremont,1880125,4,4,2460,CONDO,,764.2784553,Yes,Yes,Yes,Yes,Yes,Yes,Yes,A+,A,A+
674,Fremont,649000,2,2,942,CONDO,634735,688.9596603,Yes,Yes,Yes,Yes,Yes,Yes,Yes,A+,A,A+
675,Fremont,1999900,2,4,1750,SINGLE_FAMILY,91028,1142.8,Yes,Yes,Yes,Yes,Yes,Yes,Yes,A+,A,A+
676,Fremont,2698000,4,4,3057,SINGLE_FAMILY,1227183,882.5646058,Yes,Yes,Yes,Yes,Yes,Yes,Yes,A+,A,A+
677,Fremont,1799900,3,4,1821,SINGLE_FAMILY,81569,988.4129599,Yes,Yes,Yes,Yes,Yes,Yes,Yes,A+,A,A+
678,Fremont,1599900,3,4,1586,SINGLE_FAMILY,1084935,1008.764187,Yes,Yes,Yes,Yes,Yes,Yes,Yes,A+,A,A+
679,Fremont,1099900,3,3,1662,TOWNHOUSE,990202,661.7930205,Yes,Yes,Yes,Yes,Yes,Yes,Yes,A+,A,A+
680,Fremont,1298000,2,2,1925,CONDO,1190915,674.2857143,Yes,Yes,Yes,Yes,Yes,Yes,Yes,A+,A,A+
681,Fremont,747880,2,2,1014,TOWNHOUSE,,737.5542406,No,No,No,Yes,No,Yes,No,A+,A,A+
682,Fremont,999880,3,2,1522,TOWNHOUSE,,656.9513798,No,No,No,Yes,No,Yes,No,A+,A,A+
683,Fremont,998880,3,2,1350,TOWNHOUSE,,739.9111111,No,No,No,Yes,No,Yes,No,A+,A,A+
684,Fremont,3098888,3,4,3168,SINGLE_FAMILY,740205,978.1843434,Yes,Yes,Yes,Yes,Yes,Yes,No,A+,A,A+
685,Fremont,1700000,2,4,1907,SINGLE_FAMILY,323179,891.4525433,Yes,Yes,Yes,Yes,Yes,Yes,Yes,A+,A,A+
686,Fremont,1725000,2,4,1708,SINGLE_FAMILY,88025,1009.953162,Yes,Yes,Yes,Yes,Yes,Yes,Yes,A+,A,A+
687,Fremont,579900,2,2,988,CONDO,447873,586.9433198,Yes,Yes,Yes,Yes,Yes,Yes,Yes,A+,A,A+
688,Fremont,2988888,5,5,3108,SINGLE_FAMILY,907621,961.6756757,Yes,Yes,Yes,Yes,Yes,Yes,Yes,A+,A,A+
689,Fremont,4250000,5,5,5393,SINGLE_FAMILY,2027563,788.0585945,Yes,Yes,Yes,Yes,Yes,Yes,Yes,A+,A,A+
690,Fremont,1350000,2,3,1108,SINGLE_FAMILY,370453,1218.411552,Yes,Yes,Yes,Yes,No,Yes,No,A+,A,A+
691,Fremont,498000,1,1,693,CONDO,455000,718.6147186,No,Yes,Yes,Yes,Yes,Yes,No,A+,A,A+
692,Fremont,1199000,3,3,1335,SINGLE_FAMILY,938165,898.1273408,Yes,Yes,Yes,Yes,No,Yes,No,A+,A,A+
693,Fremont,1215880,3,3,1799,TOWNHOUSE,,675.8643691,No,No,No,Yes,No,Yes,No,A+,A,A+
694,Fremont,1443880,4,4,2313,TOWNHOUSE,,624.2455685,No,No,No,Yes,No,Yes,No,A+,A,A+
695,Half Moon Bay,2400000,4,4,3192,SINGLE_FAMILY,1608302,751.8796992,No,Yes,Yes,Yes,Yes,Yes,Yes,B-,C,B
696,Half Moon Bay,1449000,2,4,1690,SINGLE_FAMILY,90523,857.3964497,No,Yes,Yes,Yes,No,Yes,No,B-,C,B
697,Half Moon Bay,2575000,3,4,3220,SINGLE_FAMILY,2065500,799.689441,Yes,Yes,Yes,Yes,Yes,Yes,Yes,B-,C,B
698,Half Moon Bay,3175000,3,4,2264,SINGLE_FAMILY,1630838,1402.385159,Yes,Yes,Yes,Yes,Yes,Yes,No,B-,C,B
699,Half Moon Bay,1995000,3,4,3190,SINGLE_FAMILY,402723,625.3918495,Yes,Yes,Yes,Yes,Yes,Yes,Yes,B-,C,B
700,Half Moon Bay,1999000,3,4,2710,SINGLE_FAMILY,1009540,737.6383764,Yes,Yes,Yes,Yes,Yes,Yes,No,B-,C,B
701,Half Moon Bay,1789000,3,4,2144,SINGLE_FAMILY,1448400,834.4216418,Yes,Yes,Yes,Yes,Yes,Yes,No,B-,C,B
702,Half Moon Bay,1599000,2,3,1410,SINGLE_FAMILY,1356334,1134.042553,No,Yes,Yes,Yes,Yes,Yes,Yes,B-,C,B
703,Half Moon Bay,285000,2,2,1344,MANUFACTURED,,212.0535714,Yes,Yes,Yes,Yes,No,Yes,No,B-,C,B
704,Half Moon Bay,2349000,3,4,2810,SINGLE_FAMILY,1091824,835.9430605,Yes,Yes,Yes,Yes,No,Yes,No,B-,C,B
705,Half Moon Bay,1995000,3,4,2995,SINGLE_FAMILY,484196,666.1101836,Yes,Yes,Yes,Yes,Yes,Yes,No,B-,C,B
706,Half Moon Bay,559000,2,1,1152,MANUFACTURED,,485.2430556,Yes,Yes,Yes,Yes,Yes,Yes,No,B-,C,B
707,Half Moon Bay,899000,3,3,1470,TOWNHOUSE,270192,611.5646259,Yes,Yes,Yes,Yes,Yes,Yes,No,B-,C,B
708,Half Moon Bay,1499000,2,3,1280,SINGLE_FAMILY,74345,1171.09375,Yes,Yes,Yes,Yes,Yes,Yes,No,B-,C,B
709,Half Moon Bay,2599000,3,4,3388,SINGLE_FAMILY,1967488,767.1192444,Yes,Yes,Yes,Yes,Yes,Yes,Yes,B-,C,B
710,Half Moon Bay,1999999,2,4,2040,SINGLE_FAMILY,1295400,980.3916667,Yes,Yes,Yes,Yes,Yes,Yes,No,B-,C,B
711,Half Moon Bay,368000,2,2,1128,MANUFACTURED,,326.2411348,Yes,Yes,Yes,Yes,No,Yes,No,B-,C,B
712,Half Moon Bay,865000,3,2,1320,TOWNHOUSE,1004802,655.3030303,Yes,Yes,Yes,Yes,Yes,Yes,No,B-,C,B
713,Half Moon Bay,268000,1,2,740,MANUFACTURED,,362.1621622,Yes,Yes,Yes,Yes,No,Yes,No,B-,C,B
714,Lafayette,1325000,2,3,1240,SINGLE_FAMILY,990952,1068.548387,Yes,Yes,Yes,Yes,Yes,Yes,Yes,B-,C,B
715,Lafayette,5600000,6,5,6230,SINGLE_FAMILY,3818787,898.8764045,Yes,Yes,Yes,Yes,Yes,Yes,Yes,B-,C,B
716,Lafayette,779000,2,3,1160,CONDO,566021,671.5517241,Yes,Yes,Yes,Yes,Yes,Yes,Yes,B-,C,B
717,Lafayette,1895000,3,2,1872,TOWNHOUSE,,1012.286325,No,Yes,Yes,Yes,No,Yes,No,B-,C,B
718,Lafayette,5500000,6,5,8080,SINGLE_FAMILY,2233740,680.6930693,Yes,Yes,Yes,Yes,Yes,Yes,Yes,B-,C,B
719,Lafayette,1225000,3,4,2263,SINGLE_FAMILY,116835,541.3168361,Yes,Yes,Yes,Yes,Yes,Yes,Yes,B-,C,B
720,Lafayette,2250000,2,4,2790,SINGLE_FAMILY,264829,806.4516129,Yes,Yes,Yes,Yes,Yes,Yes,Yes,B-,C,B
721,Lafayette,1895000,3,3,2205,SINGLE_FAMILY,896575,859.4104308,Yes,Yes,Yes,Yes,Yes,Yes,Yes,B-,C,B
722,Lafayette,1949000,3,3,2546,SINGLE_FAMILY,1317472,765.5145326,Yes,Yes,Yes,Yes,Yes,Yes,Yes,B-,C,B
723,Lafayette,4300000,6,5,4641,SINGLE_FAMILY,3100967,926.5244559,Yes,Yes,Yes,Yes,Yes,Yes,Yes,B-,C,B
724,Lafayette,1595000,3,2,1560,TOWNHOUSE,,1022.435897,No,Yes,Yes,Yes,No,Yes,No,B-,C,B
725,Lafayette,1760880,3,2,1873,CONDO,,940.1388147,No,No,No,Yes,No,Yes,No,B-,C,B
726,Lafayette,1230880,2,1,1193,CONDO,,1031.751886,No,No,No,Yes,No,Yes,No,B-,C,B
727,Lafayette,1395000,2,4,2180,SINGLE_FAMILY,615705,639.9082569,Yes,Yes,Yes,Yes,Yes,Yes,Yes,B-,C,B
728,Lafayette,1595000,3,5,1974,SINGLE_FAMILY,821317,808.0040527,Yes,Yes,Yes,Yes,Yes,Yes,Yes,B-,C,B
729,Lafayette,825000,2,5,2474,SINGLE_FAMILY,1392300,333.4680679,Yes,Yes,Yes,Yes,Yes,Yes,Yes,B-,C,B
730,Lafayette,1879000,3,4,2816,SINGLE_FAMILY,154723,667.2585227,Yes,Yes,Yes,Yes,Yes,Yes,Yes,B-,C,B
731,Lafayette,1780880,3,3,1855,CONDO,,960.0431267,No,No,No,Yes,No,Yes,No,B-,C,B
732,Lafayette,1848888,4,5,2733,SINGLE_FAMILY,151682,676.5049396,Yes,Yes,Yes,Yes,Yes,Yes,Yes,B-,C,B
733,Lafayette,1320880,2,2,1217,CONDO,,1085.357436,No,No,No,Yes,No,Yes,No,B-,C,B
734,Lafayette,1195000,2,2,1705,SINGLE_FAMILY,1475000,700.8797654,Yes,Yes,Yes,Yes,Yes,Yes,Yes,B-,C,B
735,Lafayette,2249000,3,3,2734,SINGLE_FAMILY,674491,822.6042429,Yes,Yes,Yes,Yes,Yes,Yes,No,B-,C,B
736,Lafayette,1665880,3,3,1688,CONDO,,986.8957346,No,No,No,Yes,No,Yes,No,B-,C,B
737,Lafayette,1665880,3,3,1693,CONDO,,983.9810986,No,No,No,Yes,No,Yes,No,B-,C,B
738,Lafayette,1688456,3,2,1748,CONDO,,965.9359268,Yes,Yes,Yes,Yes,Yes,Yes,Yes,B-,C,B
739,Lafayette,1880880,3,3,2016,CONDO,,932.9761905,No,No,No,Yes,No,Yes,No,B-,C,B
740,Lafayette,1880880,3,3,2016,CONDO,,932.9761905,No,No,No,Yes,No,Yes,No,B-,C,B
741,Lafayette,799880,1,1,843,CONDO,,948.8493476,No,No,No,Yes,No,Yes,No,B-,C,B
742,Lafayette,3195000,3,4,2411,SINGLE_FAMILY,1307067,1325.176275,Yes,Yes,Yes,Yes,Yes,Yes,Yes,B-,C,B
743,Lafayette,1095880,2,1,1103,CONDO,,993.5448776,No,No,No,Yes,No,Yes,No,B-,C,B
744,Lafayette,1880880,3,3,2016,CONDO,,932.9761905,No,No,No,Yes,No,Yes,No,B-,C,B
745,Lafayette,1549900,3,3,2784,SINGLE_FAMILY,760797,556.716954,Yes,Yes,Yes,Yes,Yes,Yes,Yes,B-,C,B
746,Lafayette,1610880,3,2,1640,CONDO,,982.2439024,No,No,No,Yes,No,Yes,No,B-,C,B
747,Lafayette,1399000,2,3,1607,SINGLE_FAMILY,1157683,870.5662726,Yes,Yes,Yes,Yes,Yes,Yes,Yes,B-,C,B
748,Lafayette,2595000,4,5,4092,SINGLE_FAMILY,754285,634.1642229,Yes,Yes,Yes,Yes,Yes,Yes,Yes,B-,C,B
749,Lafayette,1880880,3,3,2016,CONDO,,932.9761905,No,No,No,Yes,No,Yes,No,B-,C,B
750,Lafayette,1745880,3,3,1795,CONDO,,972.6350975,No,No,No,Yes,No,Yes,No,B-,C,B
751,Lafayette,3895000,6,5,3987,SINGLE_FAMILY,2492587,976.9250063,Yes,Yes,Yes,Yes,Yes,Yes,Yes,B-,C,B
752,Lafayette,1849000,3,5,2002,SINGLE_FAMILY,403430,923.5764236,Yes,Yes,Yes,Yes,Yes,Yes,Yes,B-,C,B